0.22012371264070119,0.2934801291668949,0.8114598685584615,0.257368020027937,0.7170056784335244,0.13612483912962825,0.2134662369874435,0.7398003471298783,0,1,1,1.9798888888888888,2.3705833333333333,0.2108472222222222,72000,-1,6
0.999972667977,0.960484395714,0.714361082646,0.500553369385,0.995970155935,0.632452833417,0.84597014428,0.996551913794,1,0,0,2.4998194444444444,3.2840555555555557,0.81075,72000,1,42
0.999821778719,0.0127585080711,0.0248046504221,0.0278989178664,0.0322289415965,0.00256044610402,0.0140576325134,0.0251345531557,0,0,0,2.5749444444444443,2.358416666666667,0.6850277777777778,72000,0,41
0.8250306565913027,0.47540048459658446,0.18171866652464064,0.8962507097418448,0.994543577362205,0.628091300773049,0.3196882711727178,0.208829583786329,1,0,1,2.6628333333333334,2.6697777777777776,0.7031111111111111,72000,-1,2
0,1,1,1,1,1,0,0,0,0,0,0,0,0,0,1,0,0,1,0,0,0,0,0,0,1,0,0,0,0,0,0,0,0,1,0,0,0,1,0,1,1,0,0,0,0,1,1,0,1,0,0,0,0,1,0,0,0,0,1,0,1,0,1,1,1,0,1,0,0,2.555013888888889,3.027375,0.7752638888888889,72000,3,20
0,1,1,1,0,1,0,0,0,0,0,2.60125,2.9904166666666665,0.766375,72000,2,23
0.8621136190224951,0.7727449436946491,0.20533258032082224,0.6894332981540526,0.13126014587204904,0.9975647023894033,0.28269903346887315,0.40093818647629964,1,1,1,2.61975,2.282388888888889,0.6714722222222222,72000,-1,14
0.5845938090697691,0.818955399602074,0.6471466427332431,0.07584360915181998,0.2818666042134935,0.16592732311453784,0.3815061782622239,0.564026069375833,0,0,1,2.591638888888889,2.7576111111111112,0.7632916666666667,72000,-1,34
0,4,1,7,1,3,1,4,1,5,1,0,1,10,1,2,1,1,1,4,1,14,1,10,1,1,1,8,0,13,1,6,0,9,0,1,1,8,0,7,1,4,1,4,1,13,1,7,0,11,1,11,0,11,0,3,0,13,1,0,1,13,0,3,1,2.3626805555555555,0.7515694444444444,0.018375,72000,0,45
0,14,0,5,1,4,0,10,1,7,0,8,1,14,0,6,0,3,0,6,1,12,1,6,1,13,0,0,0,2,1,12,0,2,1,9,1,13,1,11,0,8,0,3,0,9,0,14,0,8,0,14,0,0,1,8,1,14,0,4,0,10,0,12,0,2.5372777777777777,2.8165138888888888,0.748625,72000,1,46
0.7780672114605284,0.6304615050089911,0.11126621163137118,0.9155450263943622,0.9917481378641732,0.8024998270572353,0.6383828440149982,0.18135621075979624,0,0,1,1.9443611111111112,1.8947777777777777,0.09530555555555556,72000,-1,8
0,5,0,0,0,10,0,3,1,2,0,5,0,6,1,10,0,12,0,5,1,5,0,9,1,12,0,8,1,14,1,11,0,9,1,4,1,7,1,0,0,8,0,11,1,8,1,2,0,9,1,6,1,13,1,7,1,14,1,13,1,13,1,4,1,2.499486111111111,3.0089305555555557,0.7142083333333333,72000,1,30
0,1,1,1,0,0,0,0,1,0,1,1,0,1,0,1,0,1,1,1,1,1,1,1,0,1,1,0,1,1,0,0,0,0,0,1,1,1,1,0,0,0,1,1,1,0,1,1,0,0,0,1,0,1,0,1,0,1,1,1,1,0,0,1,1,1,1,1,0,1,2.6780138888888887,2.5713472222222222,0.7136111111111111,72000,2,19
0.5216510890238643,0.9456282245877207,0.9447762566408116,0.15464826727541292,0.6800413908117293,0.7652501983340234,0.10616052607029525,0.3588334286699778,0,0,1,2.593652777777778,2.7540694444444442,0.7625138888888889,72000,-1,11
0.99959855266,0.0203725678578,0.0016278126243,0.0181312739996,0.0373955946655,0.00796254837988,0.0154938827313,0.000102851277934,0,0,0,2.509916666666667,2.2548472222222222,0.6419722222222223,72000,0,41
0.09409343885440025,0.0206435610401271,0.06505605272906967,0.018769818913787928,0.6748101056567648,0.42117865031902557,0.6942014646904936,0.6178032846801529,1,0,1,1.9364861111111111,1.8970416666666667,0.09506944444444444,72000,-1,8
0.5514203059827014,0.2997981187492321,0.276033246296722,0.5683307068413589,0.6524407622033329,0.6305431528701382,0.12905867672607252,0.6282255690075131,0,0,1,2.230236111111111,2.3829444444444445,0.49622222222222223,72000,-1,12
0.9669625674591167,0.9731334968964463,0.8575621619999592,0.4331275568633761,0.5436207793272922,0.6686932075216041,0.4724096315624027,0.4228213569460454,0,1,1,2.465333333333333,3.3564444444444446,0.8217777777777778,72000,-1,0
0.24072045701196598,0.15895136290971734,0.4301012761614601,0.47938471872159627,0.8688512229802826,0.2257681810748351,0.7791181980196514,0.8184076052593406,0,0,0,2.6012222222222223,2.7328888888888887,0.7595277777777778,72000,-1,11
0.12835399174937967,0.7368929902491559,0.31228792536543437,0.5245755895351921,0.4078320356038785,0.018477846145643184,0.7796476100522031,0.060529857722868674,1,0,0,2.2198194444444446,2.914125,0.5683194444444445,72000,-1,15
0,3,1,14,1,6,1,10,1,6,1,14,0,13,0,0,1,3,1,3,0,1,1,0,1,2,0,7,0,15,0,4,0,11,0,6,1,3,0,12,1,5,1,12,1,3,0,11,1,13,0,0,0,13,0,11,0,5,0,13,0,7,0,3,1,2.5806388888888887,2.7007083333333335,0.7439305555555555,72000,1,46
0,8,1,6,1,6,0,15,0,2,0,4,0,2,0,3,0,3,0,1,0,12,1,2,1,5,0,8,1,15,0,12,0,0,0,8,1,13,0,13,0,12,1,12,1,10,1,15,1,2,1,3,0,6,0,12,1,6,1,0,0,1,1,13,0,2.4442222222222223,3.1005416666666665,0.7416805555555556,72000,3,32
0.04652524889573073,0.2322808586636994,0.03316683343986726,0.1862228184728294,0.40650640333603627,0.5607128031247931,0.7092182615768764,0.5313910372225105,1,1,0,1.8979027777777777,2.949152777777778,0.2610972222222222,72000,-1,9
0,6,1,7,0,10,0,6,0,2,0,1,0,6,0,7,0,8,1,0,1,5,0,15,0,11,0,8,1,11,0,15,1,12,0,8,0,1,1,3,0,5,0,10,0,15,0,1,0,7,0,7,0,5,0,8,0,10,1,2,0,11,0,13,1,2.433388888888889,3.351166666666667,0.7984722222222222,72000,3,48
0.6511669937169222,0.9112655841747525,0.7835572289697984,0.4593035719424198,0.08968117914094376,0.3052799084616872,0.7038964280917891,0.4362116037623923,1,0,1,2.478597222222222,2.4583194444444443,0.5827083333333334,72000,-1,14
0,11,1,9,1,10,1,13,1,13,1,6,1,7,1,2,1,5,1,0,0,8,1,3,1,7,1,0,0,14,1,14,1,6,1,6,1,11,0,11,1,11,0,15,0,5,1,9,1,3,0,3,0,8,0,5,1,7,1,15,1,7,1,9,0,2.413291666666667,0.847875,0.024791666666666667,72000,0,29
0,1,0,1,1,0,1,1,1,1,1,1,1,1,1,0,0,0,1,1,0,1,1,1,0,0,0,0,1,1,0,1,0,0,1,0,1,1,0,0,0,0,0,1,0,1,0,1,0,1,0,1,0,1,1,1,1,0,0,1,0,1,0,1,1,0,1,1,0,0,2.715,2.46,0.7328333333333333,72000,1,34
0,1,1,0,0,1,0,0,0,1,0,1,0,1,1,1,0,0,1,1,1,1,0,1,1,0,1,1,0,1,1,1,0,0,0,0,0,1,0,1,1,1,0,1,0,1,0,1,0,0,1,0,1,1,0,1,1,0,0,0,0,1,1,0,0,0,1,1,0,0,2.597861111111111,2.9377222222222223,0.7194166666666667,72000,1,18
0,1,1,1,0,1,0,0,1,1,0,2.599,2.986222222222222,0.7607222222222222,72000,1,22
0.29646911234372164,0.9645790299460663,0.8102481754359114,0.08090619673156307,0.3333305353992698,0.8001472225284572,0.6209461034581346,0.6592336382274306,0,0,1,2.6233472222222223,2.9488333333333334,0.8093055555555555,72000,-1,10
0,3,1,9,0,6,0,7,1,1,0,6,0,3,1,10,1,12,1,12,1,15,1,13,0,7,0,7,1,7,0,14,1,13,0,1,1,12,1,15,1,3,1,0,1,15,1,12,0,5,0,1,0,6,0,15,1,14,1,3,1,5,0,15,1,2.3505555555555557,1.5795138888888889,0.2453611111111111,72000,2,31
0,0,0,1,0,0,1,1,0,0,0,0,1,1,0,0,0,0,0,0,1,0,1,0,0,0,0,0,0,0,0,1,0,0,0,1,1,1,0,0,1,1,0,1,1,0,0,0,0,1,0,0,1,0,0,1,0,1,0,0,1,1,1,0,0,0,0,0,1,0,2.466666666666667,3.3001388888888887,0.8069722222222222,72000,3,36
0,0,1,1,1,0,0,0,1,1,1,1,1,1,0,0,0,0,1,0,0,1,0,0,0,0,1,1,1,1,0,0,0,0,1,0,0,1,0,1,1,0,1,1,1,0,1,1,1,0,0,1,0,1,0,1,0,1,0,1,0,1,0,1,0,0,1,1,1,0,2.6795,2.647763888888889,0.7372222222222222,72000,2,19
0.999994857173,0.999084428634,0.47454449123,0.0254720354974,0.979400916532,0.0646971052788,0.00662351047338,0.00991573309842,1,0,0,2.6298333333333335,2.597611111111111,0.7553194444444444,72000,2,43
0,0,0,0,0,0,0,1,0,0,1,2.5956805555555555,2.976375,0.8166388888888889,72000,3,40
0,0,1,1,1,1,0,1,1,0,1,1,1,1,0,0,1,0,1,1,0,1,0,1,0,0,1,0,0,1,1,1,0,0,1,1,1,0,0,1,1,1,1,1,1,1,1,1,0,1,0,0,0,1,1,1,1,0,1,0,0,1,0,1,0,0,1,1,1,1,2.736083333333333,2.402125,0.7270833333333333,72000,2,35
0,1,0,0,1,7,0,2,1,2,1,14,1,13,0,7,0,12,0,0,0,3,1,11,1,15,1,14,1,7,0,0,0,10,0,7,0,10,1,10,0,5,1,9,0,1,0,11,1,15,1,3,0,6,1,13,1,13,1,2,1,12,0,14,1,2.640222222222222,2.0289027777777777,0.5565833333333333,72000,2,47
0.23066042908813,0.2391381106933298,0.18088179700971407,0.946894847927523,0.14226040768665404,0.18171481975023962,0.403350972931089,0.8700405937602328,1,1,0,1.6958055555555556,2.5320555555555555,0.13519444444444445,72000,-1,7
0,1,0,0,0,0,1,0,1,0,0,1,0,1,0,0,1,0,0,1,1,0,1,1,0,0,1,0,1,0,0,0,0,0,1,0,0,0,0,1,0,0,0,0,0,0,1,0,0,1,0,0,1,1,1,1,1,1,1,1,0,1,0,0,0,0,1,1,1,1,2.5194027777777777,3.167388888888889,0.7751666666666667,72000,3,20
0.9993796652708427,0.9540892661732333,0.6003458944942138,0.39473818576273256,0.8746179715619257,0.8694128548700356,0.264947041763238,0.9619546247391078,1,1,1,2.0255555555555556,2.339583333333333,0.21618055555555554,72000,-1,6
0,1,0,1,1,1,1,1,1,1,1,1,0,0,0,0,0,0,1,0,1,0,1,1,0,1,0,1,0,1,0,0,0,0,1,1,1,1,1,1,0,1,1,1,1,1,0,1,0,0,1,0,0,1,1,0,0,0,1,1,0,0,0,1,1,0,0,0,0,0,2.7315833333333335,2.5953333333333335,0.7412083333333334,72000,2,19
0.4323361827067219,0.22827250502954954,0.39680263617023714,0.04835763985644215,0.05775535391306941,0.9000040715398986,0.46605258391708115,0.7059298319407036,1,0,1,2.4575,2.8913194444444446,0.7166944444444444,72000,-1,4
1,1,1,0,1,1,1,1,0,1,1,2.3758055555555555,0.9359444444444445,0.035125,72000,0,21
0,1,1,1,0,1,0,0,1,0,0,2.596,2.9774583333333333,0.759,72000,1,20
0.5752798432143987,0.471425389615012,0.013752887231431421,0.3453710698438883,0.10395803810847848,0.6401969266596612,0.6773091476309671,0.6565259771724411,0,1,1,2.2044166666666665,2.914138888888889,0.5619722222222222,72000,-1,15
0,0,1,0,1,1,1,1,0,0,0,2.6710416666666665,2.546875,0.7287916666666666,72000,2,23
0,4,1,15,1,3,1,6,0,8,1,7,1,12,1,9,0,12,1,8,1,4,1,11,1,6,0,1,0,2,0,2,1,13,1,11,1,10,0,7,1,2,1,10,1,12,1,15,1,12,1,4,1,0,1,12,1,1,1,1,0,4,1,3,1,2.49325,0.7496388888888889,0.009013888888888889,72000,0,29
0,12,1,9,0,2,1,7,0,15,1,3,1,2,1,3,1,8,0,6,0,4,0,10,1,11,1,2,1,0,0,1,0,8,0,5,0,7,1,11,1,1,0,5,1,13,0,3,1,3,1,5,1,11,1,14,0,11,1,8,0,6,1,2,1,2.3057777777777777,1.4852916666666667,0.28169444444444447,72000,2,47
0.7177814542773437,0.9283791422483033,0.7051970130593215,0.6292405797345366,0.8671819089360361,0.4542456904038462,0.7800064919103812,0.48423590305893327,0,0,0,2.215638888888889,2.9102916666666667,0.5608055555555556,72000,-1,15
0.5536618533433918,0.028562604481639498,0.8648642496875234,0.9138212435794503,0.18866788557087966,0.634200522754581,0.5632358576882679,0.5403165627289976,0,1,0,2.466666666666667,3.3555555555555556,0.8222222222222222,72000,-1,0
0,1,1,0,0,1,0,1,0,1,1,1,1,0,0,1,0,1,0,0,0,1,1,1,1,1,0,1,0,1,0,1,0,1,1,0,1,0,1,1,0,0,0,0,1,0,1,1,0,1,0,0,0,1,1,1,0,1,0,1,1,0,0,0,1,1,1,1,0,1,2.678166666666667,2.9571944444444442,0.7861111111111111,72000,1,18
0.2354380378027815,0.03060115716295586,0.11902768077425796,0.9122038277595907,0.7324310672543203,0.23008904564922816,0.8410340459620624,0.08664584224783534,0,0,1,1.9912083333333332,2.3565555555555555,0.2125138888888889,72000,-1,6
0.7367877953874263,0.11652104731286972,0.05721565171768517,0.1569264195397463,0.007192520989141138,0.12669350590243944,0.2641762302698162,0.5962398183883906,1,1,1,2.659763888888889,2.6670555555555557,0.7014027777777778,72000,-1,2
0.3223455736642329,0.4579544288555415,0.9529534995668507,0.8565820801417924,0.07360022783767406,0.45040338344644193,0.866649207906023,0.22663537580300175,0,1,0,2.3360555555555558,0.6659861111111111,0.0,72000,-1,1
0.5571087753562692,0.3260515366324497,0.5993996819899956,0.4973569233379679,0.691825775130112,0.7982413011755969,0.35842417492785206,0.034244290238118924,0,1,1,2.1778472222222223,2.9070833333333335,0.5409722222222222,72000,-1,15
0.6459042978899461,0.6211827021234027,0.5871066181841322,0.8442281572673056,0.4850510900510824,0.7236309576621155,0.6257563144628455,0.8723706213372553,0,1,0,2.5565,2.314486111111111,0.6746944444444445,72000,-1,13
0.996249845863,0.999177208458,0.647001377379,0.0712618173646,0.579654400676,0.387353327974,0.605304316274,0.621562797736,0,0,0,2.5452916666666665,2.980777777777778,0.7671944444444444,72000,1,3
0.999803901249,0.901770526872,0.810829367211,0.837987178346,0.912376797824,0.256055900687,0.996637299496,0.779977500445,0,0,0,2.5657916666666667,3.138986111111111,0.8174861111111111,72000,3,28
0.999664593174,0.0432267985979,0.942566287548,0.0484101588469,0.887097702521,0.134090800673,0.984066952323,0.087254345739,1,1,0,2.6473472222222223,2.7156805555555557,0.7449861111111111,72000,2,27
0.1336760849807439,0.5525552640648224,0.08826638085054583,0.652232259493021,0.6710802205663284,0.649709886824828,0.29240551285785643,0.7218849862514055,1,0,1,2.619375,2.9525694444444444,0.8065694444444444,72000,-1,10
0,0,0,0,0,0,0,0,1,0,1,2.453333333333333,3.3644444444444446,0.8177777777777778,72000,3,4
0.5291420421468509,0.25116528023169216,0.2060689865823323,0.04618367664489076,0.8313605708550811,0.45947187296674963,0.8198474840397488,0.015543977048162905,0,1,0,1.701138888888889,2.5307222222222223,0.13519444444444445,72000,-1,7
0.7100815363214501,0.7096278874954044,0.05522446536686909,0.11036164160715678,0.19577411954035828,0.32630099516687994,0.5220642380627136,0.10897856341931833,1,0,1,2.383888888888889,2.3661805555555557,0.4844027777777778,72000,-1,3
0,1,1,0,0,0,0,1,0,0,0,2.670916666666667,2.8321666666666667,0.7990416666666667,72000,3,24
0.994838408933,0.421766376252,0.66530262355,0.743861142893,0.975090771551,0.903919973719,0.941450851971,0.997842888037,0,0,0,2.306,3.393847222222222,0.7340555555555556,72000,1,42
0.08754690906587337,0.19946431193536251,0.348569634791807,0.12375614810444613,0.88626776062989,0.7596587938327285,0.349083096453077,0.6655183792142553,1,0,0,2.5774166666666667,2.2162361111111113,0.6404027777777778,72000,-1,16
0.7015394149418044,0.4081864020611847,0.5738484753949894,0.46862907896164363,0.5840078496237139,0.00902763149125363,0.04283712805054929,0.3675129753416919,1,0,1,2.6609166666666666,2.668,0.703625,72000,-1,2
0,14,0,3,0,1,0,11,1,10,0,10,1,9,0,3,1,4,0,9,0,5,1,2,0,0,0,9,0,2,0,10,1,6,1,6,0,2,0,13,0,10,1,12,1,12,0,15,1,2,1,1,0,14,0,10,1,8,0,11,1,2,0,7,1,2.1840694444444444,1.8528194444444444,0.2606805555555556,72000,1,30
0,1,1,1,0,1,0,0,1,1,1,2.615666666666667,3.0519166666666666,0.7862083333333333,72000,1,38
0,0,0,0,0,0,0,0,0,0,1,2.4127083333333332,3.3915277777777777,0.8042361111111112,72000,3,40
0.5427087310164136,0.012449474854355325,0.4771112343948798,0.21476968014483,0.7213745362748942,0.24597636336391882,0.7352023077513172,0.2151095384275109,1,1,0,1.9960972222222222,2.3547083333333334,0.21168055555555557,72000,-1,8
0,1,1,1,0,1,0,0,1,1,1,2.5505555555555555,3.037916666666667,0.7390555555555556,72000,1,38
0,0,1,1,0,1,0,0,1,1,0,2.599375,3.077777777777778,0.7931944444444444,72000,3,48
0,14,0,7,1,8,0,12,0,7,1,6,0,8,0,4,0,9,1,2,0,0,0,15,0,14,0,5,0,3,0,5,1,11,1,10,1,4,0,10,1,8,1,8,1,9,0,10,1,6,0,14,0,7,0,14,0,6,0,14,1,6,0,12,0,2.5588194444444445,2.5615277777777776,0.6854722222222223,72000,1,46
0.8465385852141348,0.47717114770942604,0.00798269332561119,0.3006849202201085,0.10030281943003272,0.9796003494077047,0.02733475474471847,0.24955745103577653,0,0,0,2.5726805555555554,2.2551805555555555,0.6557361111111111,72000,-1,16
0.557926582158795,0.44904280937610597,0.3930616194928118,0.44427417538884406,0.8490292327874251,0.4454571349288058,0.35472377128277177,0.1171114750143657,1,1,0,2.6243333333333334,2.9521805555555556,0.8093472222222222,72000,-1,10
0.999423317038,0.0928443678145,0.00756641000267,0.0414088745217,0.0576245715863,0.0307826126234,0.128090643316,0.0416298662695,0,0,0,2.534361111111111,2.2854722222222223,0.6375,72000,0,41
0,0,1,1,0,1,1,1,1,0,0,2.6473194444444443,2.540722222222222,0.735375,72000,2,39
0.999456984726,0.019540588098,0.987043081033,0.977376467562,0.0880041419445,0.201624537648,0.186612529928,0.00371807465148,0,0,0,2.6364722222222223,2.6382777777777777,0.736625,72000,2,27
0.35254116671929847,0.9542583171514835,0.549585636476889,0.3971175785142316,0.31501435032285674,0.7025392276122147,0.2769540865842227,0.45595496282613157,0,1,1,1.6951527777777777,2.5318194444444444,0.13551388888888888,72000,-1,7
0,1,1,1,0,1,0,0,1,0,0,2.591125,2.968,0.7545,72000,3,24
0.999918362464,0.999825189027,0.170568221575,0.377160110365,0.994847434007,0.00398234880923,0.0452049465732,0.0178622967327,1,0,0,2.709861111111111,2.665486111111111,0.8037638888888889,72000,2,43
1,1,1,0,1,1,1,1,0,0,1,2.376986111111111,0.9192777777777777,0.02763888888888889,72000,0,21
0.16230288190034703,0.6370125410418157,0.31439247771558443,0.6047487984681732,0.1594925252346474,0.6818209304004447,0.8183512360719489,0.8022851777485881,0,1,0,2.3824027777777776,2.3646944444444444,0.4797638888888889,72000,-1,3
1,1,0,1,1,1,1,1,1,0,0,1,0,1,1,1,1,1,1,1,0,1,0,0,0,0,0,1,1,1,1,0,0,1,1,1,1,1,1,1,0,1,0,0,1,1,0,1,0,1,0,1,1,1,1,1,0,0,0,1,1,1,1,1,0,1,1,1,1,1,2.502625,1.0509583333333334,0.05279166666666667,72000,0,17
0.9185317290728786,0.01447059659185368,0.3813524638358199,0.5536321075238073,0.04696447345249721,0.7939064647370905,0.8806505097652376,0.3717777326875371,1,1,0,1.9959722222222223,2.365,0.21672222222222223,72000,-1,6
0,9,0,3,1,14,0,4,1,0,1,3,1,11,1,3,1,6,1,8,1,15,0,14,0,7,0,8,1,12,0,4,0,2,1,6,1,0,1,5,0,7,1,10,1,2,1,3,1,14,0,0,0,8,1,13,1,14,0,6,0,2,0,14,1,2.4254305555555558,1.7314027777777778,0.40229166666666666,72000,2,47
0,1,1,1,0,0,0,1,1,0,0,1,0,1,0,1,1,0,0,1,0,1,0,1,0,1,0,0,1,1,0,1,0,0,0,1,1,0,0,1,1,1,1,1,1,0,1,1,0,0,1,1,1,1,1,1,0,1,0,0,1,1,0,1,0,1,1,0,0,0,2.7085,2.4231527777777777,0.7304861111111111,72000,2,35
0.5887695285169111,0.4487650382965628,0.604762288711992,0.6967240303689661,0.12085097729146044,0.8968118745015425,0.8382694453339379,0.7098170843462482,1,0,1,2.212763888888889,2.906652777777778,0.5542916666666666,72000,-1,15
0.99940844942,0.025995487569,0.0365461612372,0.0379867886306,0.0265877248293,0.014050693995,0.0358825825547,0.0448468641428,0,0,0,2.5890138888888887,2.384638888888889,0.6908194444444444,72000,0,41
0.998698043585,0.00192803780978,0.998897463709,0.234175297984,0.00288810987789,0.0313886240439,0.0101597765264,0.985459032,0,0,0,2.4098055555555558,3.1077222222222223,0.6653611111111111,72000,1,26
0,1,0,0,1,0,0,1,0,0,1,0,1,1,0,0,0,0,1,0,0,0,0,0,0,1,1,0,0,0,0,1,0,0,1,1,1,1,1,0,0,1,0,0,1,1,0,1,0,1,0,0,0,0,0,0,0,0,0,1,0,0,0,0,1,1,0,1,0,1,2.4023333333333334,3.316986111111111,0.7722777777777777,72000,3,36
0.5178828118466607,0.6025405687236736,0.04801729290949086,0.8294186732350857,0.5786198970279014,0.9645315523859472,0.3297148711595965,0.6065648520019046,0,1,1,2.655527777777778,2.662541666666667,0.6998611111111112,72000,-1,2
0.999605930677,0.692117201936,0.417035619993,0.960140637551,0.707753629395,0.251086859145,0.956386873398,0.825044800538,0,1,1,2.428625,3.1657083333333333,0.7475416666666667,72000,3,28
0.19401783658971272,0.47088871021083534,0.9936552157963568,0.17409188158857825,0.388150868091763,0.34664436072926086,0.9236481452204441,0.42620573000730977,1,0,0,1.947375,1.8926527777777777,0.09640277777777778,72000,-1,8
1,1,0,1,1,1,0,0,1,0,1,1,1,1,1,1,1,0,0,0,1,1,1,1,1,1,1,0,1,1,1,1,1,0,0,0,0,1,0,1,0,1,1,0,0,0,0,1,0,1,0,1,0,1,1,1,1,0,1,1,0,1,0,1,0,0,0,1,1,1,2.5055,0.9214722222222222,0.06609722222222222,72000,0,17
0,1,1,0,0,0,1,0,1,0,1,0,0,1,1,0,1,0,1,1,1,1,0,1,0,0,0,0,0,1,0,1,0,0,0,1,1,0,0,1,0,1,0,0,1,0,1,1,1,0,0,1,0,1,1,1,1,1,1,1,0,1,1,1,1,0,1,0,0,0,2.706263888888889,2.437236111111111,0.73175,72000,2,35
0,1,0,0,0,1,1,0,1,1,0,1,0,1,0,0,0,0,0,0,0,0,0,0,0,0,1,1,0,1,0,0,0,0,1,1,0,0,0,0,0,0,0,0,0,1,0,1,0,0,1,1,0,0,0,0,0,0,0,0,0,0,0,1,1,0,0,0,0,1,2.5556944444444443,3.1256944444444446,0.8037638888888889,72000,3,20
0.9727999409963822,0.3701810759030213,0.5169434829948136,0.5598027756259999,0.8082839775127585,0.7068836194909512,0.10447819667822567,0.5976988675005676,0,1,1,2.5619444444444444,2.3379166666666666,0.6850694444444444,72000,-1,13
0.998718884894,0.937056880778,0.996790648401,0.455863507749,0.929857656098,0.988900531566,0.703872237027,0.974084364753,1,0,1,2.4505555555555554,3.3225,0.7997222222222222,72000,1,42
0,0,0,0,0,0,0,0,1,1,0,2.441708333333333,3.3721944444444443,0.8139027777777778,72000,3,40
0.16344896905536743,0.26110000673320555,0.7531840898228691,0.9461718815408876,0.9328046275455782,0.36185488764350593,0.9271909831520301,0.5521700096594816,1,1,0,2.596361111111111,2.7464305555555555,0.7611666666666667,72000,-1,11
0,7,1,4,0,11,1,7,1,7,0,6,0,4,1,12,0,11,1,0,1,11,1,15,1,11,1,15,1,1,0,7,1,15,1,1,0,13,1,3,0,14,1,6,0,11,1,5,1,2,1,1,1,11,1,12,0,11,0,11,0,11,1,9,1,2.584791666666667,0.886875,0.019916666666666666,72000,0,29
0,1,1,0,1,1,1,1,1,1,1,1,1,1,0,1,1,0,0,0,0,1,1,1,1,1,1,1,1,1,0,1,0,0,1,0,1,1,1,0,1,1,1,1,1,1,1,1,1,1,1,1,0,1,0,1,0,0,0,1,0,1,0,1,1,0,0,0,0,0,2.648513888888889,2.2209444444444446,0.6466666666666666,72000,0,33
0,1,1,1,1,1,1,1,1,0,1,1,0,1,1,0,0,0,0,1,1,1,1,1,0,1,1,1,1,1,0,0,0,0,0,1,0,1,0,0,0,0,0,1,1,0,0,1,0,0,0,1,0,1,0,0,0,0,1,1,0,0,0,1,0,1,1,0,0,0,2.6989027777777777,2.667375,0.7426527777777778,72000,2,19
0,12,0,3,1,1,1,11,1,1,0,1,1,2,0,1,0,1,1,11,1,15,1,15,0,5,1,4,0,11,1,10,1,9,1,8,1,7,1,5,0,1,1,12,1,11,1,15,1,14,0,12,0,12,1,0,1,14,0,11,1,15,1,7,1,2.698583333333333,2.7060833333333334,0.6992083333333333,72000,1,30
0,1,1,1,0,1,0,0,0,0,0,2.5941944444444442,2.9885694444444444,0.7640972222222222,72000,2,23
0.7874905913290711,0.3872103152916041,0.1517768500714236,0.866125121631689,0.9964985389724733,0.9452938152971218,0.724399795677967,0.39511851354462235,1,0,0,1.7033888888888888,2.5291527777777776,0.136,72000,-1,7
0.5859672527296987,0.8804107840480058,0.36127228765650865,0.7839342782588735,0.06423720121232213,0.08135188623575262,0.509581605676905,0.6034846232979966,1,1,1,2.6105972222222222,2.2459444444444445,0.6558333333333334,72000,-1,16
0.8894551568199909,0.7809378095595478,0.0897136236975894,0.9291446694644688,0.35842578652531387,0.6237928387746944,0.4329861921076543,0.5858730989290898,1,0,1,2.3432222222222223,0.6641944444444444,0.0,72000,-1,1
0.6778819627712204,0.45056797798707315,0.6525135554101666,0.009194092759345796,0.18877463197362288,0.9758515332452861,0.5860846846027457,0.9456019492175327,1,1,1,1.8990138888888888,2.9488055555555555,0.2611527777777778,72000,-1,9
0.44002221725789337,0.9031246301434824,0.9714419881919901,0.0963800847609746,0.300965988904913,0.09835035824034122,0.6906930567389102,0.5245265599540652,0,0,0,2.498763888888889,2.476125,0.5936805555555555,72000,-1,14
0,14,1,8,0,4,0,3,1,15,1,12,0,3,1,15,1,4,0,13,0,1,0,15,1,2,1,9,1,14,0,4,0,15,1,9,0,12,1,7,0,11,0,9,1,12,0,15,1,9,0,2,1,1,0,13,1,11,1,3,1,14,1,15,1,2.356236111111111,1.8015833333333333,0.3826527777777778,72000,2,47
0.999610012592,0.0480281816161,0.000777142130032,0.0133942185703,0.00568732716186,0.00097076231983,0.0244753184083,0.0232290590857,0,0,0,2.5496944444444445,2.30025,0.6556527777777778,72000,0,41
0,8,0,8,0,1,1,11,1,8,1,13,1,13,0,11,1,1,1,2,1,5,0,1,1,9,1,14,0,4,0,12,1,3,1,1,1,4,1,1,1,2,1,11,0,9,1,11,1,14,0,1,0,0,1,6,0,14,0,5,0,13,0,1,1,2.4840416666666667,0.9257083333333334,0.107375,72000,0,20
0.4442940125356226,0.7542685697429766,0.7157658603242146,0.6947882800616537,0.36537155785653597,0.9967884220076187,0.8591452713990607,0.7139147243339109,0,1,0,2.4532083333333334,2.909111111111111,0.7256944444444444,72000,-1,4
0,0,1,1,0,1,1,1,0,0,0,2.6993055555555556,2.6034027777777777,0.7684583333333334,72000,0,14
0,0,1,1,0,1,0,0,1,1,0,2.5448472222222223,3.092416666666667,0.7648472222222222,72000,3,24
0.999443427718,0.0755735407869,0.694746918171,0.173207546743,0.880540227624,0.504839200568,0.0972713740398,0.914272539461,0,1,0,2.3805277777777776,3.1705277777777776,0.7043888888888888,72000,1,26
0,1,1,1,0,1,0,0,1,1,1,2.6269583333333335,3.0293194444444445,0.7837777777777778,72000,1,38
0.16770897340709923,0.2558467229710917,0.4708346418978012,0.13818095647059603,0.6588157387982378,0.5518796105535625,0.12445301576158874,0.9406640208292493,1,1,1,2.1633055555555556,2.913375,0.5444305555555555,72000,-1,15
0,12,0,8,0,1,0,10,0,6,0,4,0,1,0,3,1,8,0,9,0,14,1,13,1,13,0,4,0,4,0,11,0,14,0,8,0,2,1,2,1,2,1,8,1,6,0,9,1,6,0,10,0,0,0,15,0,6,1,15,0,13,0,1,1,2.3301527777777777,3.311125,0.7259861111111111,72000,3,48
0.4599812059181233,0.6038583358932388,0.41901883974831633,0.6257920330131211,0.543454574480175,0.5929400296645596,0.15588188343434373,0.9016358318120037,0,0,1,2.564791666666667,2.327986111111111,0.6811527777777778,72000,-1,13
0,13,1,1,0,7,1,8,1,9,1,10,1,10,1,7,1,5,0,13,1,3,0,8,0,13,0,6,1,9,1,15,0,1,1,2,1,10,1,3,1,10,1,9,1,2,1,12,1,9,1,6,0,8,1,6,1,11,0,6,0,13,0,6,1,2.5385138888888887,0.8442777777777778,0.013333333333333334,72000,0,43
0,15,1,3,0,4,1,5,1,10,0,10,0,13,1,3,0,10,0,4,0,2,1,13,1,7,0,4,1,7,0,14,1,13,0,0,1,10,0,5,1,7,0,4,0,14,0,15,1,9,0,1,1,13,0,1,0,6,0,2,0,13,0,3,0,2.4943333333333335,3.240861111111111,0.7839444444444444,72000,3,48
0.999045199834,0.926335065804,0.997448844106,0.0208928915767,0.967491160804,0.952586297524,0.99670079655,0.416025222608,0,1,0,2.5694166666666667,3.03275,0.80125,72000,3,28
0.999456984726,0.0239296184878,0.993251546093,0.98852109051,0.0191456256403,1.24277214663e-06,0.171276363603,0.00140659302829,0,0,0,2.6474027777777778,2.6171944444444444,0.7180138888888888,72000,2,27
0.9612143738643153,0.14201252600981773,0.3691991149984536,0.21408094750149997,0.20345027980896058,0.0375562374511168,0.19961468976377217,0.485462691984096,1,0,0,2.601138888888889,2.2704444444444443,0.6647083333333333,72000,-1,5
0,1,1,1,1,0,0,0,1,0,1,0,1,1,1,1,1,0,1,1,1,1,0,1,0,0,1,0,0,1,0,1,0,0,0,1,1,0,0,1,0,1,0,1,0,1,0,1,0,1,0,1,0,1,0,1,1,0,0,0,1,1,1,1,1,0,1,1,0,0,2.656652777777778,2.744013888888889,0.74925,72000,1,34
0,0,0,1,0,15,0,1,1,2,0,3,1,8,1,5,0,14,0,11,0,8,1,0,0,11,1,5,1,11,0,15,0,6,0,2,1,12,0,6,0,7,0,5,0,13,0,12,1,7,1,1,1,8,1,10,0,8,0,0,1,0,0,2,0,2.5729583333333332,2.7280277777777777,0.7494444444444445,72000,1,46
0,1,1,1,1,0,0,0,1,0,0,0,0,1,1,0,1,0,0,1,0,1,1,1,0,1,0,0,0,1,0,1,0,0,0,1,1,1,0,1,0,1,1,1,0,1,0,1,0,1,0,1,0,1,0,1,1,0,1,0,0,1,0,1,0,0,1,1,1,1,2.7406111111111113,2.461027777777778,0.7504305555555556,72000,2,35
1,1,0,1,0,0,0,1,0,1,1,0,1,1,0,0,0,0,0,1,1,1,0,1,1,0,1,1,0,1,0,1,1,0,0,1,0,1,1,0,0,1,0,0,0,1,1,1,1,0,1,0,0,1,1,1,1,1,0,1,1,1,1,1,0,0,0,1,1,0,2.346763888888889,1.5706527777777777,0.167125,72000,0,17
0.7645400439517395,0.799249716029522,0.8999914157384952,0.701423367982484,0.6576296213850924,0.6405749756487942,0.48250983161047767,0.724343785694516,0,1,1,2.5895972222222223,2.2405694444444446,0.6515416666666667,72000,-1,16
0,0,0,14,1,4,0,1,0,8,0,13,1,8,0,11,0,8,0,2,0,7,1,0,0,7,1,14,1,5,0,1,0,1,0,5,0,8,0,6,0,13,1,15,0,13,1,7,1,15,0,2,0,8,0,9,1,15,1,1,1,6,1,8,1,2.5465694444444447,3.158027777777778,0.7825138888888888,72000,3,32
0.723726677619767,0.09997676767712538,0.27267488645592175,0.7667802885643347,0.38195707609220575,0.10819807156422312,0.944023537224473,0.32451247801350247,1,0,0,1.9358333333333333,1.89625,0.09583333333333334,72000,-1,8
0,1,1,0,1,0,1,1,1,1,0,0,0,1,1,1,0,0,1,1,0,1,0,1,1,1,1,1,0,1,0,1,0,0,0,1,1,1,0,0,0,0,1,1,1,1,0,1,0,1,0,0,0,1,0,1,0,1,1,1,1,1,0,1,1,0,1,1,1,0,2.694138888888889,2.329,0.6918472222222222,72000,2,35
0.999694518412,0.0520025357405,0.999442109494,0.0241877557389,0.867545902142,0.277729670763,0.511694624186,0.716447896974,0,1,0,2.5525694444444444,2.995347222222222,0.757375,72000,1,26
0,0,0,0,1,0,1,1,1,1,1,1,1,1,1,0,0,0,1,0,1,1,1,1,0,0,1,1,1,1,1,1,0,0,1,0,0,1,0,1,0,1,0,1,0,0,1,1,0,1,0,1,0,1,0,1,0,0,0,0,0,1,0,1,1,0,0,0,0,0,2.7865,2.504138888888889,0.7677222222222222,72000,1,34
0.999286089305,0.114721141018,0.161245872295,0.691080449736,0.997768262213,0.434450820746,0.977197370358,0.910378798881,0,0,0,2.517375,3.1540416666666666,0.777625,72000,1,26
0.42098696674436953,0.41566060067436517,0.6441816843057515,0.6460961752401189,0.12203703690844292,0.4715414866295533,0.32058162725963,0.221250331831377,0,0,0,2.4425555555555554,2.903875,0.7182222222222222,72000,-1,4
0,3,0,10,1,3,0,1,0,2,0,11,1,3,0,13,1,6,0,0,0,9,1,2,0,4,0,10,1,15,0,4,0,11,0,9,1,11,1,15,1,7,1,7,1,12,1,12,1,12,1,9,1,5,0,8,0,3,0,13,1,11,1,1,1,2.6063055555555557,2.766027777777778,0.65,72000,1,30
0,5,1,14,0,8,1,15,1,10,0,4,1,3,0,13,0,4,1,14,1,6,1,14,0,2,1,9,1,14,1,14,0,7,1,4,1,5,1,5,1,2,1,15,0,10,1,14,1,3,0,0,0,12,0,13,1,11,1,4,1,5,0,3,0,2.503875,2.0242916666666666,0.538625,72000,2,47
0.18568634715269994,0.11070466522193001,0.5307182465893799,0.9493242899153618,0.5647554496005569,0.9136059808062461,0.5249258772181927,0.7864346835086687,1,1,1,2.0105694444444446,2.355986111111111,0.2162638888888889,72000,-1,6
1,1,0,1,0,0,0,1,0,1,1,0,1,1,0,1,0,0,0,1,1,1,0,1,1,0,1,1,0,1,0,1,1,0,0,1,0,1,1,0,0,1,0,0,0,1,1,1,0,0,1,0,0,1,1,1,1,0,0,1,1,1,1,1,0,0,0,1,1,0,2.3571388888888887,1.4399166666666667,0.15188888888888888,72000,0,30
0,1,1,1,0,1,0,0,0,0,0,2.579527777777778,2.97175,0.7458611111111111,72000,2,23
0.99857979701,0.0382564404687,0.984123834058,0.0238340140179,0.859765903764,0.0852283181747,0.0541820718555,0.00212780812233,0,1,0,2.547513888888889,2.4890416666666666,0.6914305555555555,72000,2,27
0.18933938432457997,0.011881188434795908,0.029369665768125386,0.9542637060138498,0.3131054491485987,0.8384327074580086,0.9421671606162941,0.5648849764230303,1,1,0,2.6022916666666664,2.303888888888889,0.6783472222222222,72000,-1,5
1,1,0,0,0,1,1,1,0,1,1,1,0,0,1,0,0,0,0,0,0,1,0,1,0,0,0,1,1,1,1,0,0,0,1,0,1,1,1,1,0,1,0,1,0,1,1,1,1,1,1,0,0,1,1,1,1,0,0,1,1,1,1,1,0,0,1,1,1,1,2.5023472222222223,1.0704722222222223,0.04815277777777778,72000,0,17
0,1,1,0,0,0,1,1,0,1,0,1,0,1,1,0,0,1,0,0,0,0,0,0,0,1,0,1,0,0,0,0,0,0,0,1,0,0,1,1,0,1,0,0,1,0,0,1,0,0,1,0,0,0,1,0,0,1,0,1,0,0,0,0,1,1,0,0,1,1,2.6111944444444446,3.0561944444444444,0.7858055555555555,72000,3,20
0.7348169243121491,0.8895425123117245,0.8654770286006358,0.9544999771323576,0.10558605548173006,0.19228021853297894,0.37812161475352035,0.1013636004483347,0,0,0,2.5644027777777776,2.33225,0.6831527777777778,72000,-1,13
0,3,1,14,1,6,1,10,1,6,1,14,0,13,0,0,1,12,1,9,1,1,1,0,1,2,0,11,0,15,1,2,0,5,0,11,1,6,1,7,0,5,1,11,0,3,0,8,1,8,0,2,0,13,0,11,0,5,0,13,0,1,0,3,0,2.5424861111111112,2.6217916666666667,0.7073611111111111,72000,1,46
0,1,1,1,0,1,0,0,0,0,0,2.603833333333333,2.998,0.773375,72000,1,22
0.11210780415783006,0.7062446974178761,0.0436437025495755,0.2543492520992868,0.19706478999147958,0.400084993613661,0.7597913639980637,0.16301225360117166,1,0,1,2.46475,3.3568333333333333,0.8215833333333333,72000,-1,0
0,1,1,0,1,0,0,0,1,1,0,1,1,1,0,1,0,0,1,0,0,1,0,1,0,0,0,1,1,1,0,1,0,0,0,1,0,1,1,0,1,0,1,1,1,1,0,1,1,0,0,0,0,1,1,1,0,0,0,1,1,1,1,1,0,1,1,1,1,0,2.7387361111111113,2.445402777777778,0.7435555555555555,72000,2,35
0.6966475854864173,0.37198517717938206,0.718840469366025,0.9120418849010293,0.3206355772658932,0.7077217994053427,0.858748220785756,0.5307515487210606,0,0,1,2.665763888888889,2.673125,0.6998472222222222,72000,-1,2
0.33058225283658593,0.11878147109679582,0.36533157128028526,0.6972367161835079,0.4221945340763431,0.740052678145933,0.25760255352104755,0.6961037504979712,0,0,0,1.902388888888889,2.947111111111111,0.2618333333333333,72000,-1,9
0.18359494824497558,0.9411014553630563,0.7183309006340616,0.17673003541615473,0.13063430996810643,0.9735504819301402,0.8870761392470633,0.9015043344588507,0,0,1,2.6234305555555557,2.9523194444444445,0.80975,72000,-1,10
0.44597828585708843,0.8156568972650934,0.4371135754385328,0.5753064717848764,0.5244383725639521,0.27966970212896247,0.21522213493589992,0.8154263732174989,1,0,0,2.446277777777778,2.891277777777778,0.7123472222222222,72000,-1,4
0.11612257399182424,0.5445866867751639,0.8600339840676946,0.5943622158052504,0.26718986796682465,0.9584663664843819,0.7252308402992055,0.6498407382816399,1,0,1,2.3828472222222223,2.3653472222222223,0.4862361111111111,72000,-1,3
0.7148600476271167,0.6628610267090503,0.1582416106165826,0.16739946945537243,0.547350097704017,0.11261444470902571,0.4775663604605821,0.11785828759302464,0,0,0,2.561236111111111,2.3238055555555555,0.6785833333333333,72000,-1,13
0.39933318173848975,0.4937024106043373,0.182168064767536,0.3931611913655748,0.5418833180530324,0.7054609727433654,0.7330210560133946,0.23156820903091802,1,0,0,2.5973333333333333,2.740388888888889,0.7604722222222222,72000,-1,11
0.9575893194911077,0.947820619263457,0.2558804668820778,0.5651146872006431,0.4518673612507351,0.8232569747222487,0.26009447222884063,0.004371912426463731,0,1,1,2.6249861111111112,2.9556805555555554,0.8099166666666666,72000,-1,10
0,0,0,7,0,8,1,15,1,7,1,13,0,4,0,15,1,8,1,11,0,6,0,5,1,0,0,10,0,6,0,5,1,14,0,14,0,10,1,12,1,10,1,15,1,0,0,4,0,8,0,0,1,9,1,1,1,3,1,10,1,14,1,10,1,2.5624583333333333,2.0795416666666666,0.546625,72000,2,47
1,1,1,0,1,1,1,1,0,1,1,2.3814583333333332,0.9420138888888889,0.036680555555555557,72000,0,21
0,15,0,3,0,4,1,5,1,10,0,10,0,13,1,3,0,10,0,4,0,2,1,13,1,7,0,4,1,7,0,14,0,13,0,0,1,10,1,13,0,7,0,4,0,14,0,15,1,9,0,1,1,13,0,1,0,6,0,13,1,13,0,3,0,2.446388888888889,3.15625,0.7881388888888889,72000,3,48
0,1,0,1,1,0,1,1,1,0,1,1,1,1,0,0,1,0,0,1,1,1,1,1,0,0,1,1,1,1,1,1,0,0,1,0,1,1,0,1,0,1,1,0,0,0,1,1,0,0,1,1,1,1,1,1,1,1,0,1,0,1,0,1,0,0,0,0,0,0,2.7121805555555554,2.381486111111111,0.7109583333333334,72000,0,33
0,0,1,1,0,1,0,0,0,1,1,1,1,1,0,0,1,1,1,1,1,1,1,0,0,0,0,1,1,1,1,1,0,0,0,0,1,1,1,1,1,1,0,1,0,1,1,1,1,1,1,1,0,1,0,1,1,0,1,1,0,1,0,1,0,0,0,1,1,1,2.560583333333333,1.0223888888888888,0.058305555555555555,72000,0,17
0.41944544476725865,0.863495081282502,0.8222649539068866,0.2028764662007464,0.020648970580582016,0.04712244502600493,0.008594222507020022,0.18764503106657826,1,1,1,2.561777777777778,2.3331666666666666,0.6829444444444445,72000,-1,13
0.45542010629807494,0.10595009582621573,0.1228502164065024,0.4373446099425986,0.04721540514846723,0.8600946188781626,0.7332634828368715,0.9577773539328919,1,0,1,2.238,2.9109166666666666,0.5705,72000,-1,15
0,10,1,9,0,10,1,3,1,5,0,13,0,2,0,13,0,13,1,4,1,2,1,12,1,11,1,12,1,11,0,3,0,8,1,14,1,6,0,7,1,15,0,13,0,15,0,2,0,10,1,8,1,10,0,13,1,8,1,11,0,15,0,8,1,2.51575,2.183388888888889,0.5013472222222223,72000,2,8
0,1,1,1,0,1,0,0,1,1,0,2.5765694444444445,2.957125,0.7334861111111111,72000,2,23
1,1,1,0,1,1,1,1,0,1,1,2.376402777777778,0.9441805555555556,0.03725,72000,0,21
1,1,1,0,1,1,1,1,0,1,0,2.37775,0.917125,0.03166666666666667,72000,0,21
0.3066539846244247,0.10532783132787704,0.3328368904662764,0.33888359622887787,0.13510334454071504,0.5039103937280638,0.8328094115278837,0.11297705328135443,1,0,1,1.683638888888889,2.5392638888888888,0.13186111111111112,72000,-1,7
0.999916573397,0.995685969053,0.221415161098,0.478514121361,0.992713866955,0.0203713155859,0.0234355580446,0.0319609624896,0,0,0,2.7164444444444444,2.6834583333333333,0.8050277777777778,72000,2,43
0.10493229204408816,0.26076073076866424,0.5751464221051873,0.7959120531437154,0.6035079638274702,0.4196648920292533,0.522814684089877,0.4983979939960602,0,1,1,2.4506111111111113,2.8904027777777777,0.7134722222222222,72000,-1,4
0,1,0,0,1,0,1,0,0,1,1,1,0,1,1,0,1,1,1,1,1,1,1,1,0,1,0,1,1,1,0,0,0,1,1,0,1,1,0,1,0,1,0,1,1,1,0,1,0,0,0,1,1,1,0,1,1,0,1,1,1,1,1,1,1,0,1,1,0,1,2.6283333333333334,1.0389583333333334,0.117625,72000,0,17
0.7124098118577645,0.791347410592554,0.6757551848724097,0.8155788213865809,0.7763793473786342,0.48835451564006593,0.5984857004366967,0.7833287250246067,0,1,0,2.577402777777778,2.261222222222222,0.6585416666666667,72000,-1,16
0,15,1,7,1,13,1,15,0,4,0,9,0,3,0,1,0,4,0,8,1,2,0,9,0,2,0,5,0,10,0,3,0,2,0,8,1,10,0,14,1,4,0,0,1,0,0,12,1,15,0,2,0,2,0,2,1,0,0,2,0,14,1,7,0,2.3657083333333335,2.8375833333333333,0.6199166666666667,72000,3,32
0.999915436632,0.320551427184,0.8474738063,0.701489947179,0.970911484031,0.898201453236,0.819827585248,0.893239890114,0,1,1,2.3774027777777778,3.2951805555555556,0.7555,72000,3,44
0.999717875046,0.783261185242,0.700114667273,0.248501764966,0.987087041824,0.999287237273,0.639088662139,0.981426693929,1,1,1,2.3359027777777777,3.367986111111111,0.7475555555555555,72000,1,42
0,0,1,1,0,1,1,1,1,0,0,2.6431666666666667,2.5343472222222223,0.7289722222222222,72000,2,39
0.4601720149536146,0.3686792734671438,0.8575550054057299,0.330469337101052,0.7658749755944191,0.11641442402877344,0.9380253052104597,0.5637109720262423,0,1,0,2.453875,2.896097222222222,0.7181388888888889,72000,-1,4
0,0,0,0,0,0,0,1,0,0,0,2.5920277777777776,2.9727916666666667,0.8147777777777778,72000,3,40
0.04425068788604114,0.11555769965273655,0.8564400667144791,0.5001775023436664,0.5580661433257776,0.652119346978935,0.6659154022525219,0.22385410228603764,0,0,0,2.5619305555555556,2.333736111111111,0.6830416666666667,72000,-1,13
0.33959945715779616,0.15675628305983202,0.07961181223356117,0.7811930805023886,0.3772792264305377,0.5495510676142724,0.7437671118204535,0.27439279892678525,1,1,1,2.4832083333333332,2.4600138888888887,0.5736805555555555,72000,-1,14
0.6867855651548483,0.9289355683997861,0.24338299355978865,0.6166977304425827,0.33645209520567176,0.4943332639966065,0.4424850170350263,0.6973789521139789,0,0,1,2.6700694444444446,2.6772916666666666,0.7039861111111111,72000,-1,2
0.999998719143,0.998461984066,0.250854784023,0.3286364309,0.984878654271,0.0471722327627,0.0118687074108,0.00648752111279,1,0,0,2.693277777777778,2.655847222222222,0.7948333333333333,72000,2,43
0.11431669865763705,0.033804183279710354,0.8611018208467707,0.0623717422529958,0.19218128569858361,0.5468028530677925,0.07838400286433167,0.20436985528142226,1,0,1,1.6961388888888889,2.533638888888889,0.1338611111111111,72000,-1,7
0.5020387511448098,0.8218693053046684,0.19765390626494606,0.8263279577877652,0.6425284451107939,0.14113338992626823,0.5818539796656103,0.5536652676600671,0,1,1,1.8922916666666667,2.9515277777777778,0.26031944444444444,72000,-1,9
0,0,0,0,0,0,0,0,0,0,1,2.446083333333333,3.3692777777777776,0.8153611111111111,72000,3,40
0,2,0,6,1,0,0,13,1,10,0,13,1,6,0,2,0,4,1,8,1,13,0,0,0,1,0,13,1,9,0,13,0,4,1,14,1,9,0,4,1,12,1,6,1,7,1,15,1,14,0,4,1,6,0,13,1,12,1,7,0,7,1,5,0,2.3586666666666667,1.7197083333333334,0.2640416666666667,72000,2,31
0.989577036923487,0.22626496748893088,0.1251383559735656,0.12950680086602306,0.8253928438430803,0.1979226986252688,0.5999034255947702,0.04094393337045221,0,0,0,2.6236805555555556,2.9525694444444444,0.8100833333333334,72000,-1,17
0,0,1,0,1,1,0,1,1,1,1,1,0,1,1,1,1,0,1,1,1,1,0,1,0,1,1,0,1,1,0,1,0,1,1,1,1,1,1,1,0,0,0,1,1,1,1,0,0,0,1,0,1,1,0,1,0,1,0,1,1,0,0,0,1,0,1,0,0,0,2.624388888888889,2.894597222222222,0.7479861111111111,72000,1,18
0,0,1,1,1,0,0,1,0,1,0,1,0,1,1,1,1,0,0,0,0,1,0,1,0,0,0,1,0,1,1,1,0,0,1,1,0,1,1,1,1,1,1,1,1,1,0,1,0,1,1,0,0,1,0,1,1,0,0,0,1,1,0,1,0,0,0,1,1,0,2.630472222222222,2.241513888888889,0.6545277777777778,72000,0,33
0.15870215418650335,0.07144622981191273,0.6243604938596516,0.15713373470442205,0.5938858777826599,0.26821264749224494,0.7605194102867433,0.12064220657652014,0,0,0,2.6084722222222223,2.9383333333333335,0.7991388888888888,72000,-1,10
0,1,1,1,0,1,0,0,0,0,0,2.617097222222222,2.970083333333333,0.7703472222222222,72000,3,24
0,0,1,1,0,1,1,1,0,0,0,2.6985,2.6057916666666667,0.7722083333333334,72000,0,37
0,0,1,1,1,1,0,0,1,0,1,1,0,1,0,0,1,0,1,1,1,1,1,1,0,1,1,0,0,1,1,1,0,0,0,1,1,1,0,1,0,1,0,1,0,0,0,1,0,1,0,1,1,1,1,1,0,0,1,1,1,1,1,1,0,0,1,1,0,0,2.748388888888889,2.4375555555555555,0.7433194444444444,72000,2,35
0.01368776823087603,0.9941844373652912,0.4155862244498215,0.014354362820527378,0.21996249209428187,0.09000639859603499,0.8316343015358403,0.26622058595559905,1,0,0,1.69925,2.53175,0.13475,72000,-1,7
0,1,1,1,0,1,0,0,0,0,0,2.5780416666666666,2.9956111111111112,0.7509444444444444,72000,3,24
0,13,0,5,1,5,1,3,1,4,0,5,1,15,1,10,1,12,1,10,0,5,1,8,1,5,1,0,0,1,1,5,1,7,1,8,1,10,1,8,1,7,1,6,0,7,1,5,1,4,0,15,0,0,0,8,0,8,0,15,0,2,1,5,1,2.359652777777778,0.7854861111111111,0.03726388888888889,72000,0,45
0,13,1,3,1,0,1,10,1,0,1,7,1,0,1,2,1,3,1,14,0,3,1,11,1,4,1,10,1,0,1,5,1,14,1,12,1,8,0,13,0,1,0,10,1,2,1,6,0,14,1,10,0,2,1,0,1,0,1,14,1,11,1,14,0,2.547625,0.7842222222222223,0.010722222222222222,72000,0,29
0.3506143053387776,0.9066546387398877,0.9276684579829548,0.4922153505501158,0.5722496911545355,0.913395967791836,0.8949872964472206,0.3644953313907542,1,0,1,1.9980416666666667,2.3642916666666665,0.2155,72000,-1,6
0.9650915780484751,0.05029791424504526,0.1459861964775203,0.31833287714929426,0.9400858796629169,0.2603560061311886,0.8194067882594045,0.936806220376028,1,1,1,2.612652777777778,2.2993194444444445,0.6775555555555556,72000,-1,5
0,1,1,1,0,1,0,0,1,0,0,2.6040555555555556,2.9905833333333334,0.7698055555555555,72000,2,23
0.000179218109237,0.000914979613846,0.0146367168719,0.999554230665,0.00910400573086,0.000476414360585,0.000122668245819,7.68351371591e-05,0,1,0,2.403625,0.9107083333333333,0.0265,72000,0,25
0.7703881060618284,0.8617748108533135,0.23191174011435445,0.5950417255985292,0.9521781623794174,0.7345831070599871,0.7113920610729793,0.9377903900860277,1,1,1,1.901375,2.947347222222222,0.26184722222222223,72000,-1,9
0.911183605379317,0.699128406668764,0.19666430958150694,0.7167835821822188,0.5464595024430547,0.06145372204847377,0.6388039117238351,0.268711501213184,1,0,0,2.4915833333333333,2.4687361111111112,0.5839861111111111,72000,-1,14
0.20053688833403016,0.09231516005654294,0.10253767150835358,0.26361853130152657,0.6249000420697016,0.7052238237751237,0.9324482618610425,0.4154065628471061,0,1,0,2.3874166666666667,2.369291666666667,0.4850833333333333,72000,-1,3
0.2612185620039792,0.8499701613825569,0.8979443523943308,0.5156958864872208,0.7524363672779558,0.5019575935019346,0.5144786704223545,0.39769997455172146,0,1,1,2.2269444444444444,2.3950694444444443,0.49743055555555554,72000,-1,12
0,1,1,2,0,1,1,0,1,1,0,8,0,8,0,3,1,2,0,5,1,7,0,3,1,15,1,13,0,10,1,9,1,5,0,3,1,15,0,8,1,6,0,13,0,1,1,6,1,8,0,5,1,13,0,0,0,0,1,0,0,7,0,14,1,2.366736111111111,1.5628472222222223,0.22116666666666668,72000,2,31
0,1,0,0,1,0,1,0,1,1,0,0,1,0,0,0,0,0,1,1,0,0,1,1,0,0,1,1,0,1,1,1,0,0,0,1,0,1,1,1,0,0,1,1,0,0,0,1,0,0,0,0,0,0,0,1,0,0,0,0,0,0,1,0,1,1,1,1,0,1,2.6573055555555554,2.8721666666666668,0.7665555555555555,72000,3,20
0.998423534374862,0.8902191160073796,0.3951262061960017,0.2990855350888765,0.7176826300070044,0.28832520946592244,0.06506013309123504,0.032860663488166186,1,0,0,1.8948888888888888,2.9498194444444445,0.26116666666666666,72000,-1,9
0,0,0,9,0,5,0,11,0,13,0,15,0,7,1,3,0,2,1,9,0,4,0,10,1,12,1,4,0,12,1,9,1,7,0,10,1,15,0,9,1,12,1,11,1,11,1,14,1,12,1,10,1,8,1,12,1,11,1,6,1,15,0,5,1,2.4591666666666665,1.4575,0.23895833333333333,72000,2,31
6.89827099109e-06,0.000898297997114,0.000641017023025,0.997630750798,0.000233748219605,0.00206575577935,0.000739943095806,0.00752289566724,0,0,1,2.3806944444444444,0.9257638888888889,0.027791666666666666,72000,0,25
0.05430381373968929,0.7830440845230479,0.45525065794375297,0.03036836961528888,0.6471777921208542,0.28765855311705757,0.3963005544248427,0.11129742020172095,1,1,0,2.3371666666666666,0.6657083333333333,0.0,72000,-1,1
0.10136432227102998,0.3154541088198086,0.3945375309712269,0.5710186458517911,0.21980553953388204,0.17902984439290504,0.7742470364219637,0.527218741504776,0,1,1,2.337666666666667,0.6655833333333333,0.0,72000,-1,1
0.7569646036474148,0.6108820566448471,0.4691656720268875,0.9641866614906802,0.7945712775078118,0.751282791581095,0.9815725080829585,0.9202071651896874,0,0,0,2.0240694444444443,2.3473333333333333,0.2184861111111111,72000,-1,6
0,1,1,1,0,0,0,1,1,0,1,1,1,1,0,0,1,0,1,1,1,1,0,1,0,0,0,0,0,1,1,1,0,0,0,1,1,1,0,1,0,1,0,1,1,1,0,1,0,0,1,0,1,1,1,1,1,1,1,0,0,1,0,1,0,0,1,1,1,1,2.7635,2.4831527777777778,0.7626944444444445,72000,2,11
0.010374130379807944,0.8839526904669889,0.661072016550317,0.08444465911291454,0.29439007702048914,0.6006243808562112,0.23131400080520403,0.6622424240749156,1,0,0,2.2250833333333335,2.3864027777777777,0.49227777777777776,72000,-1,12
0.997668844768,0.0343764644061,0.994716346167,0.894685974931,0.935312630979,0.0674021524114,0.0570311078327,0.747020747191,0,0,0,2.5398472222222224,3.01325,0.7464722222222222,72000,1,26
0,12,0,3,0,13,1,9,0,9,1,2,0,5,0,12,1,12,0,7,0,12,1,4,0,9,0,9,0,8,0,1,1,6,1,8,1,6,0,1,0,14,1,4,0,8,1,5,0,12,0,1,0,13,0,15,0,13,1,1,1,6,0,2,1,2.386972222222222,3.3612083333333334,0.7723472222222222,72000,3,48
0.99709339119,0.407645937704,0.129426751246,0.959961404043,0.862175267206,0.547839265796,0.805512842796,0.984861128126,0,0,0,2.3982916666666667,3.268847222222222,0.7451388888888889,72000,3,28
0,1,1,1,0,0,1,1,0,0,0,0,1,0,0,1,0,0,1,0,0,0,0,1,0,0,1,1,0,1,0,1,0,1,1,1,0,0,0,0,0,0,0,0,1,0,1,1,0,1,0,0,0,0,1,0,1,1,0,1,0,1,1,0,0,0,1,1,0,1,2.516347222222222,3.0266944444444444,0.7569583333333333,72000,3,20
0.9921834031635177,0.33293699975041413,0.3765289212628361,0.4033701498332649,0.3544494433658725,0.10099450861907067,0.4420597991709351,0.9710382840083789,1,1,0,2.603875,2.2968611111111112,0.6756944444444445,72000,-1,5
0.6299261581182287,0.83039870528332,0.9261613207914893,0.09104745679268211,0.7979353565097641,0.5573372725682054,0.42639685182885656,0.7970202837669561,0,1,0,2.3741805555555557,2.3566805555555557,0.4781944444444444,72000,-1,3
0,0,1,0,1,1,1,1,0,0,0,2.665486111111111,2.5145138888888887,0.7080416666666667,72000,2,23
0,0,0,12,0,3,0,9,1,3,1,2,1,0,0,2,1,4,0,12,0,12,1,4,1,14,1,14,0,6,0,11,0,3,0,12,1,4,0,6,0,7,1,6,1,2,0,5,0,13,0,12,1,9,0,8,0,10,0,4,0,2,1,5,0,2.6604722222222223,2.5640833333333335,0.7073055555555555,72000,1,46
0.5125930450202276,0.8177468949600244,0.20445671554033373,0.5675233595368977,0.2814650370660736,0.25663688324216294,0.6885845591240766,0.35811135691907026,1,0,1,2.0110694444444444,2.3456527777777776,0.21593055555555554,72000,-1,6
1,1,1,0,1,1,1,1,0,1,1,2.368708333333333,0.9458611111111112,0.03731944444444445,72000,0,21
3.15245005031e-05,0.000837493346488,0.0022695537852,0.987813758702,0.00181862899862,0.000615244890275,0.00106831586796,0.0268879829057,1,1,1,2.4120555555555554,0.92525,0.02813888888888889,72000,0,25
0.37159637015852776,0.5889324909285404,0.5966892491025334,0.6625530002685591,0.4336055602821489,0.918456312304482,0.512370515422949,0.2777637307955646,0,0,1,2.590513888888889,2.2520416666666665,0.6561805555555555,72000,-1,16
0,1,1,0,0,1,0,1,0,1,1,1,1,1,1,1,0,1,0,1,0,1,0,1,0,1,1,1,0,1,0,1,0,0,1,1,1,1,0,1,1,1,0,1,0,0,0,1,0,1,0,1,0,1,1,1,0,0,0,0,0,0,0,0,1,1,1,1,0,1,2.653277777777778,2.8724444444444446,0.7375555555555555,72000,1,18
0,0,1,0,1,1,0,0,1,1,1,1,0,1,1,0,0,0,1,1,0,1,0,1,0,1,1,1,1,1,0,0,0,0,0,1,0,1,0,0,1,0,0,1,1,0,0,1,0,0,1,1,0,1,0,0,0,1,1,0,0,0,0,1,1,1,1,0,0,0,2.7517916666666666,2.667902777777778,0.7592777777777778,72000,2,19
0,15,1,11,1,0,1,4,1,5,1,15,1,10,0,5,1,4,1,13,1,9,1,6,0,8,0,9,1,10,1,9,0,8,0,3,1,5,0,0,1,4,1,2,0,15,0,4,1,15,0,14,0,4,1,5,1,1,0,7,0,0,1,15,1,2.28525,1.4915694444444445,0.23527777777777778,72000,2,31
0.6205424574872865,0.7504112355411853,0.8319561740497877,0.7880919135986174,0.7263230631068792,0.17245885045635057,0.7385261603566377,0.9820724212598113,0,0,0,1.9018194444444445,2.947861111111111,0.26134722222222223,72000,-1,9
0.999979333104,0.984671546662,0.330520600828,0.298159565957,0.996433262075,0.00907641159022,0.00411366403239,0.0351798345238,0,0,0,2.7045694444444446,2.672902777777778,0.7993055555555556,72000,2,43
0,12,0,10,1,2,1,5,1,1,0,1,1,11,1,3,0,8,1,0,1,11,0,0,1,5,1,9,0,2,0,11,1,8,1,11,1,12,0,6,0,4,1,8,1,1,1,12,0,9,0,2,1,5,1,11,0,14,1,1,0,11,1,15,0,2.373527777777778,2.367,0.5127777777777778,72000,1,30
0.11962916665909118,0.3895359236577812,0.19444578089154863,0.047050868781632005,0.9915739853039897,0.23355609307338576,0.9759857073858352,0.5536504915854719,1,1,1,2.6,2.7333333333333334,0.759125,72000,-1,11
0,1,0,0,0,0,0,1,0,0,1,0,1,0,0,0,0,0,1,0,0,1,1,0,0,1,1,0,0,0,0,1,0,0,0,0,0,0,0,0,0,0,0,0,0,1,1,1,0,1,1,1,0,0,0,1,0,0,1,1,0,0,0,0,1,1,0,1,0,1,2.5335694444444443,3.0125277777777777,0.7930555555555555,72000,3,36
0,10,1,12,1,4,1,3,0,6,1,1,0,4,1,10,0,8,1,13,1,11,1,13,1,4,0,4,0,10,1,2,1,2,0,13,1,10,0,13,1,9,0,5,1,13,1,1,1,15,1,12,1,5,1,13,1,5,1,12,1,13,0,3,1,2.3124444444444445,1.1188333333333333,0.15619444444444444,72000,0,45
0,0,0,1,0,1,0,1,0,0,1,0,0,1,0,1,1,1,1,0,0,0,0,0,0,1,0,0,0,1,1,0,0,1,1,0,0,0,1,0,0,0,0,0,0,0,1,0,0,0,1,0,1,1,1,0,0,0,0,0,1,0,0,0,0,1,1,0,1,0,2.540125,3.1092916666666666,0.8067083333333334,72000,3,18
0,1,1,1,0,1,0,0,1,1,1,2.588,3.041472222222222,0.7654722222222222,72000,1,38
0,15,0,9,1,8,0,7,1,11,0,5,0,15,1,6,0,3,0,10,0,12,0,8,0,15,0,9,0,4,0,11,0,13,0,11,0,9,0,8,0,1,0,0,0,6,0,11,0,7,0,6,0,11,0,15,0,5,1,11,0,6,0,2,0,2.3952222222222224,3.4030694444444443,0.7983333333333333,72000,3,48
0.999000357466,0.00267275613005,0.00205271851682,0.0584649052442,0.00261049596136,0.000570797401445,0.0318623742722,0.000235356887924,0,0,0,2.5199444444444445,2.270986111111111,0.6504722222222222,72000,0,41
0.998899900554,0.0262208284775,0.989499190809,0.997807304922,0.104591870629,0.0161367067912,0.12753729243,0.00187911587381,0,0,0,2.6050138888888887,2.5759861111111113,0.700875,72000,2,27
0,5,1,1,1,1,1,4,1,9,1,13,0,9,0,0,0,0,1,1,1,1,1,15,1,15,1,2,1,10,0,11,0,7,1,7,0,9,1,1,1,14,1,4,1,10,0,12,0,12,0,5,1,13,0,0,1,8,0,15,1,10,1,2,0,2.507527777777778,0.8096111111111111,0.06551388888888889,72000,0,45
0,0,1,1,0,1,1,1,0,0,0,2.714347222222222,2.619763888888889,0.7824861111111111,72000,0,37
0.8499924276914135,0.34182850596337677,0.8235528659416321,0.5436372616263153,0.1711637652955157,0.5843709437070655,0.5738679172799829,0.7360570057476937,0,0,0,1.944,1.894,0.096,72000,-1,8
0.1724130438091328,0.009438668051282462,0.7604185728712106,0.1976068983962158,0.2569698081551304,0.41295531258126217,0.5239241122194426,0.15870427641864515,0,0,0,2.1934583333333335,2.918597222222222,0.5644305555555555,72000,-1,15
0.128026901434678,0.6982702148137144,0.38408267962906106,0.02440945614055312,0.9278655566148722,0.8764103257489146,0.15852756410637048,0.8133593576656075,1,0,1,2.379763888888889,2.36275,0.4780138888888889,72000,-1,3
0,0,1,0,1,1,0,1,1,0,1,0,0,1,0,1,0,0,0,1,1,1,0,1,0,1,0,0,0,1,0,1,0,0,0,1,1,1,0,1,1,1,1,1,1,0,0,1,0,1,0,0,0,1,0,1,0,1,0,0,1,1,1,1,1,0,0,1,1,0,2.6848055555555557,2.324875,0.6815138888888889,72000,2,35
0.999605930677,0.78801403953,0.575787554888,0.931714522859,0.992836707458,0.858848642253,0.92733141234,0.587612357087,1,0,0,2.5480416666666668,3.089847222222222,0.8093472222222222,72000,3,28
0.05400912762893184,0.5721652605573768,0.016333081123168336,0.33606121166652503,0.27685899676601433,0.108342931408698,0.8714983341290722,0.6723638314321192,1,1,0,2.440916666666667,2.905708333333333,0.7187083333333333,72000,-1,4
0.000119000996876,0.00400720893279,0.00374832135542,0.994310606894,0.0094470059449,0.000426022846383,0.00110371842145,0.0248561853893,1,0,1,2.431611111111111,0.9297361111111111,0.028555555555555556,72000,0,25
0,1,1,1,1,1,0,1,1,1,1,1,1,1,1,1,1,0,0,1,1,1,0,1,0,1,0,0,1,1,1,1,0,0,1,0,1,1,0,1,1,1,1,1,0,1,0,1,1,1,0,0,0,1,0,1,1,1,0,1,1,1,0,1,0,0,0,1,1,0,2.6627916666666667,2.3307777777777776,0.6937777777777778,72000,0,33
0.999137598849,0.543157098408,0.851200940096,0.588332222555,0.990091206966,0.859234167558,0.750014868063,0.988782297489,0,0,1,2.2325694444444446,3.43625,0.7100277777777778,72000,1,42
0.180709999445972,0.7515838676532924,0.3510661365022103,0.275482256010132,0.04040555205340346,0.14654359751289203,0.5291711732444312,0.7358749020982591,0,0,0,2.334888888888889,0.6662777777777777,0.0,72000,-1,1
0,0,0,0,0,0,0,0,1,0,1,2.4833333333333334,3.3444444444444446,0.8277777777777777,72000,3,40
0.8402311303728947,0.5092850791284057,0.8812669192934443,0.2682359872667236,0.5340845927657178,0.4635451664248168,0.4487250437075274,0.04521923957595941,1,0,1,2.446013888888889,2.9074722222222222,0.7217777777777777,72000,-1,1
0,6,0,3,1,3,0,0,0,5,1,2,1,5,1,8,1,14,0,2,1,3,1,5,1,0,0,14,1,11,1,4,1,11,1,13,1,12,0,5,0,3,1,2,1,11,1,5,1,9,1,15,0,3,1,7,0,9,1,0,0,14,0,1,0,2.375277777777778,0.7638194444444445,0.02834722222222222,72000,0,45
0,13,1,15,1,15,1,11,1,2,0,14,0,3,0,4,0,2,0,2,0,5,1,15,1,1,0,13,1,15,1,12,1,13,1,3,0,9,0,3,1,8,1,6,0,14,1,7,1,15,1,6,0,8,0,0,0,1,1,5,1,14,1,5,1,2.345972222222222,0.7348611111111111,0.02375,72000,0,45
0.000250199541345,0.00252043402632,0.00241865781325,0.991354428345,0.00859838320104,0.000601599752443,0.000817277789411,0.000688950727564,1,0,0,2.405125,0.8867916666666666,0.024791666666666667,72000,0,25
0,0,1,1,0,1,0,0,1,0,0,1,0,0,0,1,0,0,1,0,1,0,0,1,0,0,0,1,0,1,0,0,0,1,0,1,0,0,0,1,0,0,0,1,1,0,1,1,0,0,0,0,0,0,1,0,0,0,0,1,0,0,0,1,1,1,1,1,0,1,2.732763888888889,2.8219305555555554,0.8155277777777777,72000,3,20
0,0,0,1,0,13,0,4,1,0,0,7,1,8,0,7,0,4,0,6,0,8,0,2,1,15,0,8,0,9,1,13,1,3,0,3,1,2,0,9,0,3,0,14,0,6,1,11,1,14,1,8,0,10,0,5,0,14,0,6,1,13,0,15,1,2.5491527777777776,2.884708333333333,0.7533194444444444,72000,3,32
0.999979222568,0.996890167047,0.207528360364,0.173559258459,0.990702377077,0.0401624530562,0.0400037333279,0.012967715472,0,0,0,2.6741944444444443,2.6220416666666666,0.7800694444444445,72000,2,43
1,5,1,0,1,8,0,3,1,15,1,13,1,3,1,0,0,5,1,15,1,5,1,10,1,15,1,3,0,2,1,1,1,10,0,14,1,13,1,15,1,5,1,4,1,11,0,1,1,0,1,2,0,9,0,0,0,10,0,12,1,4,0,12,1,2.444513888888889,0.7820138888888889,0.00986111111111111,72000,0,29
0,1,0,14,0,0,0,7,1,0,0,15,0,15,0,8,0,14,0,3,0,3,0,4,0,8,1,7,1,11,1,10,1,15,0,10,1,6,1,12,0,7,1,10,1,14,1,9,1,10,1,3,0,13,0,1,1,10,1,14,1,3,1,2,0,2.2995972222222223,1.0162638888888889,0.11511111111111111,72000,0,32
0.999968029377,0.940497576085,0.878965535138,0.748256183608,0.859189514933,0.829290919312,0.721828405911,0.995526683059,1,0,0,2.423583333333333,3.3444166666666666,0.7929166666666667,72000,3,44
0.915995189187632,0.1953945562731363,0.07179120602394773,0.5980940658321082,0.8493306794270841,0.23262915522718774,0.3832993163883106,0.07537997528368923,1,1,1,1.6903472222222222,2.5344444444444445,0.134375,72000,-1,7
0.4642333262611752,0.29326963380322824,0.9279974132110366,0.49986962082747666,0.5188422425682406,0.8035932708615294,0.7164661772838437,0.6831855338973328,1,1,0,1.94225,1.8944722222222221,0.09597222222222222,72000,-1,8
0,1,1,0,0,1,0,0,0,1,1,2.5390555555555556,3.1582222222222223,0.7816111111111111,72000,3,24
0,0,1,1,0,1,1,1,0,0,0,2.7057777777777776,2.603625,0.7712777777777777,72000,0,37
0.1528536021418062,0.8055401727125978,0.3227552779025431,0.4149719036038424,0.07811114691251575,0.44340658911574504,0.5184458402961838,0.25383157797222666,0,1,1,2.335611111111111,0.6660972222222222,0.0,72000,-1,1
0,0,1,1,0,1,1,1,0,0,0,2.6790555555555557,2.5818333333333334,0.7553472222222222,72000,0,37
0,1,1,1,0,1,0,0,0,0,0,2.6598055555555558,2.9600833333333334,0.7890555555555555,72000,1,14
0,0,0,1,0,15,0,1,1,12,0,5,1,5,1,14,0,1,0,12,1,8,1,12,1,11,1,5,1,15,0,6,1,6,0,2,1,9,0,12,0,6,0,15,0,13,0,4,0,1,0,13,1,8,1,10,0,7,1,8,0,0,0,2,0,2.5501805555555555,2.7983055555555554,0.7375277777777778,72000,1,46
1,1,1,0,1,1,1,1,1,0,1,2.372361111111111,0.9229166666666667,0.02648611111111111,72000,0,21
0.000179218109237,0.00234564056869,0.0153353787795,0.990363247737,0.00121508187037,0.000476414360585,0.00116307068683,0.00227440817832,1,1,0,2.4044305555555554,0.8967916666666667,0.02388888888888889,72000,0,34
0,1,1,0,0,1,0,1,1,1,1,1,0,1,1,0,0,0,1,1,0,1,1,0,0,1,1,1,0,1,0,1,0,0,1,1,0,0,1,1,0,1,1,1,1,0,1,1,0,0,1,1,0,1,1,0,0,0,0,1,0,0,0,0,0,1,0,1,1,1,2.7215,2.8137916666666665,0.7847083333333333,72000,1,18
0,1,1,0,1,1,1,1,1,1,1,0,1,1,1,1,0,0,0,0,0,1,0,1,0,0,0,1,0,1,1,1,0,0,0,1,1,1,1,1,0,1,0,1,0,0,1,1,0,1,0,1,0,1,1,1,0,0,0,1,0,1,0,0,1,1,1,0,0,0,2.6095277777777777,2.94675,0.7136944444444444,72000,1,18
0,0,1,1,0,1,1,1,1,0,0,2.6670416666666665,2.5684305555555556,0.7475138888888889,72000,2,5
0.996966561592,0.749301138141,0.99346851863,0.377039701366,0.601130427026,0.786891001093,0.463750887658,0.994870591026,1,0,1,2.2639722222222223,3.3916805555555554,0.7088194444444444,72000,3,44
0.6526805067914255,0.800915464538959,0.6438218428540503,0.3568289633787053,0.31008084165759187,0.21894250232301582,0.3005240169309865,0.024454500859114492,1,1,0,2.503597222222222,2.4800555555555555,0.5929444444444445,72000,-1,14
0.07836881508481586,0.6091865891297974,0.33853923586662193,0.2448974622432667,0.6721283457195184,0.5529217810251805,0.936765020867098,0.2508586179377129,1,1,0,2.6032083333333333,2.724736111111111,0.7578194444444445,72000,-1,11
0,0,1,9,1,0,0,1,0,2,0,5,1,6,0,2,0,5,1,6,1,8,0,4,1,6,0,12,1,14,0,10,0,14,1,6,0,0,1,3,1,3,1,8,1,0,1,13,1,3,0,1,1,14,1,3,1,4,0,10,0,5,0,4,0,2.330486111111111,2.6974305555555556,0.44383333333333336,72000,1,30
0.6958080119078479,0.07853658325205037,0.07456283386581464,0.32448137315715797,0.4859985815331811,0.5865061980428036,0.7049119981717423,0.32285401728750873,0,1,1,2.656,2.662875,0.695,72000,-1,2
0.993672476596,0.439087958065,0.540994905298,0.950970609865,0.979323661514,0.868193700883,0.52054118084,0.960466705858,0,0,0,2.3064583333333335,3.3477083333333333,0.7244583333333333,72000,3,44
0,0,0,0,1,0,1,0,1,0,1,0,1,1,0,0,0,0,0,1,0,1,1,1,0,0,1,1,0,1,1,1,0,0,1,1,1,1,0,1,1,1,0,1,0,0,0,1,0,0,1,1,0,1,0,1,0,0,0,0,0,1,0,1,0,0,0,0,0,0,2.7395972222222222,2.4802222222222223,0.7499861111111111,72000,1,34
0.3051746826316958,0.9895439437145823,0.8274908778474326,0.5981937172877093,0.3172643859976192,0.9939869609955371,0.18940846489882956,0.194498935523869,1,1,0,1.6967083333333333,2.5319166666666666,0.135125,72000,-1,7
0,1,1,0,1,1,1,1,1,0,1,1,0,1,1,0,0,0,0,0,1,1,1,1,0,1,1,1,1,1,1,1,0,0,0,0,0,1,0,0,0,1,1,1,0,0,0,1,0,1,0,0,1,1,0,1,1,0,1,0,1,1,1,1,1,0,1,0,0,0,2.7177083333333334,2.5997222222222223,0.7773888888888889,72000,2,13
0,0,1,1,0,1,1,1,1,0,0,2.6140555555555554,2.493013888888889,0.7099444444444445,72000,2,39
0,0,0,13,1,14,0,15,1,10,0,1,0,15,1,8,1,14,1,8,1,6,1,14,0,3,0,13,0,7,1,14,1,7,1,7,1,1,0,10,0,0,0,14,1,9,0,9,0,9,0,7,1,0,0,12,0,12,1,0,0,5,0,9,0,2.3364444444444445,2.7525555555555554,0.6100416666666667,72000,3,32
0,0,1,1,0,1,1,1,1,0,0,2.669138888888889,2.569,0.7498472222222222,72000,0,37
0.996015249777,0.434674560001,0.985517208179,0.963606424774,0.708667199643,0.836821650942,0.781768929984,0.98550030617,0,1,0,2.2648888888888887,3.419888888888889,0.7215277777777778,72000,3,44
0,10,1,2,0,2,0,14,1,11,0,5,0,4,1,6,0,14,1,9,1,11,0,5,1,13,0,10,1,6,1,2,1,12,0,3,1,3,1,3,1,5,0,5,0,13,0,8,0,11,0,10,0,15,0,5,1,8,0,3,0,13,0,11,0,2.6024861111111113,2.753736111111111,0.7700972222222222,72000,3,32
0.996897199149,0.044056918419,0.0589400338703,0.0385307197983,0.0250618975705,0.00315238430848,0.000327475823921,0.000103054704746,0,0,0,2.488125,2.2127083333333335,0.619125,72000,0,41
0.999717875046,0.478988744853,0.777774436922,0.37118740038,0.975595023843,0.999287237273,0.717396286185,0.964256531079,1,1,0,2.3897222222222223,3.32,0.7628888888888888,72000,1,42
0.014583081649944485,0.16545847373543476,0.0729507597423642,0.8675632394628751,0.8710387351864215,0.4078957609377367,0.34716975135577965,0.9891165064587993,0,0,1,2.667333333333333,2.674486111111111,0.7054027777777778,72000,-1,2
0.17987213526917312,0.06906892211196292,0.21849543369103208,0.7901164122771022,0.2320923443891969,0.8392024512356007,0.09192001282393425,0.5257703648908951,1,1,0,2.464097222222222,2.4422916666666667,0.5750138888888889,72000,-1,14
0,1,0,1,1,0,1,0,1,0,1,1,0,1,1,0,0,0,0,1,1,1,0,1,0,0,1,1,0,1,0,1,0,0,0,1,1,0,0,1,0,1,0,1,0,1,0,1,0,1,1,0,0,1,1,1,1,0,0,0,1,1,1,1,0,1,0,0,0,0,2.6955833333333334,2.2830833333333334,0.6659166666666667,72000,1,34
0.2089358733386324,0.4316278981135706,0.3684683909603219,0.7013687490959635,0.06070343596327499,0.6157139060303369,0.2513135401632963,0.1748499312424675,1,1,1,2.5641944444444444,2.3257916666666665,0.6793611111111111,72000,-1,13
0,0,0,5,0,2,1,4,1,12,0,2,1,13,1,2,1,8,1,10,0,9,0,4,0,2,0,1,0,5,1,11,1,12,1,5,1,12,0,15,1,6,1,3,0,7,1,0,1,0,0,11,1,6,0,8,0,11,1,0,1,6,1,7,0,2.552375,2.66425,0.7208333333333333,72000,3,32
0,1,1,1,0,1,0,0,1,1,1,2.6341666666666668,3.0234722222222223,0.7853055555555556,72000,1,7
0,15,0,0,0,12,1,9,0,3,0,0,1,9,1,6,0,10,0,4,0,0,1,0,1,4,1,11,1,12,1,5,1,8,1,14,1,11,0,3,0,14,0,10,0,8,1,5,1,4,0,9,1,15,0,11,0,6,1,8,0,15,0,13,0,2.513875,3.0549166666666667,0.757625,72000,3,32
0,13,1,15,1,15,1,11,1,2,0,14,0,3,0,4,0,2,0,4,0,5,1,15,1,14,0,13,1,15,1,12,1,13,1,3,0,13,0,8,1,14,0,11,0,14,1,7,1,15,1,6,0,8,0,0,0,1,1,5,1,14,1,5,1,2.3656805555555556,0.7313055555555555,0.020944444444444446,72000,0,45
0.999966124639,0.995788996899,0.379866287793,0.0969890405776,0.991844374426,0.0531378243089,0.0168680111634,0.0657012103523,1,0,0,2.679638888888889,2.6564444444444444,0.7840833333333334,72000,2,43
0,0,1,0,1,1,0,1,1,1,0,0,0,1,0,1,0,0,1,1,1,1,1,1,0,0,1,1,1,1,1,1,0,0,0,1,1,1,0,1,1,1,1,1,1,1,0,1,0,1,0,1,1,1,0,1,1,1,0,0,0,1,1,1,0,0,0,0,1,1,2.7036527777777777,2.3819166666666667,0.7159444444444445,72000,0,33
0,1,1,1,0,1,0,0,1,1,0,2.609111111111111,2.973625,0.7654861111111111,72000,1,22
0,14,1,7,1,9,0,4,1,14,1,15,1,14,1,10,1,4,1,0,0,13,1,14,1,4,1,5,1,14,1,10,0,8,1,7,0,12,1,11,1,3,0,10,1,12,1,15,1,12,1,9,1,6,0,9,1,9,1,11,1,12,1,10,0,2.535138888888889,0.8536111111111111,0.020125,72000,0,29
0,1,1,0,1,1,0,0,1,1,1,1,0,1,1,1,0,0,0,0,1,1,0,1,0,0,0,0,0,1,0,0,0,0,1,1,1,1,0,1,0,0,1,1,0,0,1,1,0,0,0,1,0,1,0,1,0,1,1,1,1,0,0,1,1,0,1,1,0,0,2.715097222222222,2.6267638888888887,0.7360694444444444,72000,2,19
0,0,1,1,0,1,1,1,0,0,0,2.696763888888889,2.594472222222222,0.7654861111111111,72000,0,37
0,8,1,14,1,15,1,6,0,3,0,3,1,1,0,0,1,6,1,5,1,4,1,5,1,12,0,10,1,5,0,14,1,3,0,13,0,14,0,10,0,8,0,12,0,1,0,0,1,14,0,12,0,14,0,4,0,6,0,5,0,1,0,3,0,2.604875,2.784527777777778,0.7248194444444445,72000,1,46
0.7417994479213054,0.8672943166398056,0.7234504311920633,0.9689762153544009,0.7063694887495909,0.4872353057954061,0.03504332652383546,0.6096720151058153,0,1,1,2.6250555555555555,2.953736111111111,0.8102083333333333,72000,-1,10
0,15,0,7,1,8,0,6,1,12,0,0,1,2,1,5,0,1,0,0,1,1,0,5,1,15,0,5,0,7,1,1,1,0,0,13,1,10,0,4,1,7,1,2,0,12,0,10,1,13,1,11,1,14,1,14,1,13,1,12,1,0,0,8,0,2.3741944444444445,1.676763888888889,0.320875,72000,2,31
0.999998719143,0.998461984066,0.250854784023,0.3286364309,0.984878654271,0.0471722327627,0.0393705327856,0.00648752111279,0,0,0,2.629472222222222,2.5921805555555557,0.7562361111111111,72000,2,43
0.7194635201981359,0.3048491064751633,0.24700610197316264,0.08057475908048228,0.6369137811530913,0.3662782839803701,0.8303072568857144,0.21680487065867304,0,0,1,2.228527777777778,2.3927638888888887,0.49416666666666664,72000,-1,12
0,1,1,1,0,1,0,0,1,1,1,2.630611111111111,3.0181805555555554,0.7840833333333334,72000,1,38
0,11,0,9,1,10,1,13,1,13,1,6,1,7,1,2,1,5,1,0,0,8,1,3,1,7,1,0,0,14,1,14,1,6,1,6,1,11,0,11,1,11,0,15,0,5,1,9,1,15,0,3,0,8,0,5,1,7,1,15,1,7,1,9,0,2.3713194444444445,0.8886805555555556,0.030791666666666665,72000,0,29
0.5959564261224006,0.35569979930163675,0.6052240392524258,0.8034184646602945,0.06883186510207595,0.3739570774209027,0.16048478081940032,0.7502262439299912,1,0,0,2.6623194444444445,2.6691944444444444,0.6999305555555555,72000,-1,2
0.994165629836,0.120846199314,0.947984255491,0.227093502632,0.562096678622,0.438531180254,0.316710730779,0.876852244413,0,0,0,2.377611111111111,3.138513888888889,0.6937916666666667,72000,1,39
0,0,1,0,1,1,1,1,1,0,0,1,0,1,1,1,0,0,1,1,0,1,1,1,0,0,0,0,1,1,1,1,0,0,1,1,1,1,0,1,1,1,0,1,0,1,0,1,0,0,0,0,0,1,1,1,1,0,1,0,0,1,0,1,1,1,1,0,1,1,2.61275,2.570875,0.68025,72000,0,33
0.31435019493745553,0.3002275495648279,0.17675079884476552,0.5616369499734704,0.4553551727349118,0.139221100336824,0.29370126880136926,0.7016031218696523,0,0,1,1.9995,2.3689444444444443,0.21727777777777776,72000,-1,6
0.3367436500262433,0.21030905527398824,0.45489389134329283,0.27103160948875826,0.053940180904785584,0.738176769657549,0.5761032176865202,0.2940115387601254,1,1,0,2.5796527777777776,2.267361111111111,0.6613888888888889,72000,-1,16
1,1,1,0,1,1,1,1,0,1,1,2.3572361111111113,0.9471666666666667,0.03740277777777778,72000,0,21
0,1,1,1,0,1,0,0,1,0,0,2.5969166666666665,2.993097222222222,0.7653888888888889,72000,2,25
0.24342005667834699,0.07454178861134353,0.5051738799772226,0.7763794484209673,0.9456912874671687,0.31715268292324117,0.2451729215707209,0.8786879664937642,1,0,1,2.2444027777777777,2.3926666666666665,0.4965277777777778,72000,-1,12
0.999620489499,0.49728423577,0.700002664135,0.939390205972,0.955298951392,0.712835298453,0.984021033223,0.659597392567,1,0,0,2.558222222222222,3.109541666666667,0.8103055555555555,72000,3,28
0,4,0,5,1,1,0,0,1,6,1,9,0,5,0,7,1,11,0,12,1,4,0,15,1,3,0,11,1,14,0,7,1,8,0,9,1,2,0,8,1,5,1,9,1,13,1,8,0,12,1,13,1,12,1,3,0,7,1,4,1,0,0,6,1,2.447763888888889,1.5667222222222221,0.2551527777777778,72000,2,31
0.999955846003,0.999980788408,0.401798346654,0.100024211853,0.994835909159,0.0542942751934,0.027263475786,0.0690070737557,1,0,0,2.6340555555555554,2.627527777777778,0.7582083333333334,72000,2,43
0,1,1,1,0,1,0,0,1,1,1,2.586527777777778,3.0306944444444444,0.7633055555555556,72000,1,19
0.32342868356641485,0.5891981015688112,0.9837925379317349,0.6004842798082568,0.7244821170728905,0.8746277586814452,0.5174179574887031,0.2808848842417424,1,0,1,2.214138888888889,2.906152777777778,0.5555,72000,-1,15
0.774793291614948,0.38317666794530225,0.011506295864539329,0.6360667271435184,0.2826997430596211,0.2552501628211754,0.4376307613243988,0.4547066962776688,1,1,1,2.219625,2.9117083333333333,0.5640416666666667,72000,-1,15
0.31092779257492087,0.13154918295758844,0.2902901064114255,0.6422161767227669,0.9685342269792773,0.028347190401156852,0.520869157957253,0.20620149489812167,1,0,0,2.466083333333333,3.3559444444444444,0.8220277777777778,72000,-1,0
0,11,1,15,1,12,0,3,0,0,0,14,1,1,0,3,1,4,0,11,1,14,1,7,1,9,1,5,1,12,1,4,0,4,1,5,1,2,1,15,1,13,0,4,0,9,0,9,0,14,1,8,1,8,0,4,0,5,1,6,1,7,0,1,0,2.414652777777778,1.6436805555555556,0.24195833333333333,72000,1,30
0,1,0,1,1,1,1,1,1,1,1,1,1,1,1,1,0,0,1,1,0,1,1,1,0,0,0,0,0,1,0,1,0,0,1,0,1,1,0,0,0,0,0,1,1,1,0,1,0,1,0,1,1,1,0,1,1,0,0,1,0,1,0,1,1,1,1,1,0,0,2.698958333333333,2.285347222222222,0.6745138888888889,72000,1,34
0,0,0,0,0,0,1,0,0,1,0,2.4124444444444446,3.357861111111111,0.7975555555555556,72000,3,40
0.999390327766,0.00673679399644,0.998477094138,0.993529007319,0.00244758362831,0.0053748682803,0.115122087989,0.0267129298722,0,0,0,2.6750694444444445,2.647986111111111,0.7280555555555556,72000,2,27
0.6721222445784697,0.7169343096876024,0.23354279289378188,0.9519702031933233,0.5773611886539369,0.26718050494919854,0.011769088715347875,0.5726763645912177,1,1,0,1.8925138888888888,2.9518194444444443,0.26004166666666667,72000,-1,9
0.99994120189,0.952952809099,0.994631644239,0.120679851783,0.0949340872922,0.00851657793529,0.991010939397,0.996124767389,0,0,0,2.4967916666666667,3.204152777777778,0.7664444444444445,72000,1,26
0.09687627492708506,0.23418740143586758,0.15379875746209293,0.35048238748579574,0.1645228684107639,0.24729787629418765,0.20502201759579053,0.6673462649588909,1,1,1,1.946736111111111,1.893125,0.09615277777777778,72000,-1,8
0,1,1,1,0,1,0,0,1,1,0,2.6412916666666666,2.9693472222222224,0.7845138888888888,72000,2,23
0,2,1,13,1,4,0,1,0,0,1,6,0,10,0,3,1,8,0,8,0,3,1,6,0,0,1,6,1,3,1,9,1,13,1,14,1,9,1,15,1,6,1,3,1,15,0,6,0,8,1,10,0,13,1,9,1,11,1,10,0,13,1,8,1,2.4758333333333336,0.8265972222222222,0.01838888888888889,72000,0,29
0,0,1,1,0,1,1,1,0,0,0,2.7131527777777777,2.6177361111111113,0.7768055555555555,72000,0,37
0.998383422205,0.722596695376,0.798316878011,0.737994716482,0.604782765597,0.902945719049,0.92795680056,0.961114250631,0,0,0,2.4471666666666665,3.3032777777777778,0.7931944444444444,72000,1,42
0.8358623103839953,0.23601534001568825,0.11971182969809546,0.03848350601819728,0.24445515786219163,0.5159874521438133,0.18894618748472625,0.7095104141894216,0,1,1,2.55725,2.317458333333333,0.6760833333333334,72000,-1,13
0.7286056275701126,0.6920682635369572,0.49735720246431037,0.8352158754903849,0.05821557809264244,0.5902287803123528,0.5006944998833642,0.94719238897948,1,0,0,2.4650416666666666,3.356638888888889,0.8216805555555555,72000,-1,0
0,1,1,0,0,0,0,0,1,1,0,1,0,1,0,0,0,1,0,1,0,0,0,1,0,0,1,1,0,1,0,0,0,0,1,1,1,0,0,0,0,1,0,1,0,0,0,1,0,0,1,0,0,0,1,1,0,1,0,0,0,0,0,0,1,0,1,1,0,1,2.605652777777778,3.089611111111111,0.7987222222222222,72000,3,20
0.2535894797904136,0.1771219532975038,0.508235489126951,0.8493421339377752,0.6061354072855306,0.6811488457325332,0.2400995161977676,0.18352608555773675,0,0,0,2.4483333333333333,2.9043055555555557,0.7208472222222222,72000,-1,4
0.1340791843449869,0.055976509293237275,0.5274312213283671,0.6988391733901678,0.1630984668731148,0.8455180352208462,0.16541530011510652,0.941199169794519,1,0,1,2.592041666666667,2.243708333333333,0.6530416666666666,72000,-1,16
0.999827252193,0.0808473288662,0.0354176784545,0.0605983019761,0.0402697989538,0.0186742206253,0.063226639875,0.0669657249958,0,0,0,2.6198333333333332,2.4274027777777776,0.7037361111111111,72000,0,41
0.1099428798597869,0.7849533533256761,0.7614056416047902,0.14622709166667902,0.429823654970926,0.034823679084520665,0.10000867083442866,0.04314083018518611,1,1,1,2.6236527777777776,2.954972222222222,0.8092916666666666,72000,-1,10
0.5735309738145384,0.8025652035290302,0.3125651395994299,0.06348411997562242,0.5412069480697568,0.47317262799655657,0.040131338929689564,0.8616892240015165,1,1,0,2.6006944444444446,2.731875,0.7584027777777778,72000,-1,11
0.3550972876742384,0.16451183341982634,0.9880682645377018,0.5329872470059372,0.33607243127844455,0.4225107628583974,0.3975236532641274,0.8586111673653837,1,1,1,2.3859583333333334,2.3681111111111113,0.4837361111111111,72000,-1,3
0,1,1,1,0,1,0,0,1,1,0,2.6440555555555556,2.9675972222222224,0.7834444444444445,72000,1,22
0,15,1,5,1,1,1,11,0,3,0,13,1,6,0,2,1,10,1,15,0,14,1,3,0,12,0,3,1,7,0,15,0,8,1,14,1,4,0,14,0,4,0,11,0,7,1,2,0,10,1,9,1,2,0,2,1,8,1,11,0,15,0,8,1,2.4092083333333334,1.9015694444444444,0.3891527777777778,72000,2,31
0.999387742314,0.798457789518,0.724318297214,0.882141227044,0.907213692484,0.947390451213,0.956673027714,0.999602587601,0,1,1,2.3940972222222223,3.3713888888888888,0.7822361111111111,72000,3,44
0,0,0,7,0,8,1,15,1,7,1,13,0,4,0,15,1,8,1,11,0,6,0,5,1,0,0,10,0,6,0,5,1,14,0,14,0,10,1,12,1,10,1,15,1,0,0,4,0,8,0,0,1,9,1,1,1,3,1,10,1,14,1,10,1,2.621208333333333,2.2255833333333332,0.6106666666666667,72000,2,47
0,1,1,1,0,1,0,0,0,0,0,2.5820555555555558,2.967611111111111,0.7403333333333333,72000,1,22
0,4,1,6,0,3,1,1,1,6,0,2,0,3,1,7,1,0,0,9,1,8,1,4,0,14,0,4,1,10,0,10,1,3,1,6,0,2,1,3,1,10,1,8,1,10,1,11,1,12,1,6,0,8,0,7,1,14,0,7,1,9,0,9,0,2.38675,1.9616805555555556,0.40484722222222225,72000,1,30
0.00010453056557457874,0.8309611589013157,0.6610211163952289,0.23624938445947985,0.6161920816148833,0.4996963166144439,0.5281710175272417,0.39737648253633784,0,0,1,1.9286527777777778,1.8975416666666667,0.0962361111111111,72000,-1,8
0,0,1,1,0,1,1,1,0,0,0,2.701138888888889,2.601347222222222,0.7713611111111112,72000,0,37
0,1,1,1,0,1,0,0,1,1,1,2.5613888888888887,3.033472222222222,0.7423611111111111,72000,1,38
0.31123203101977914,0.556400923584774,0.4470320139010422,0.14208828567054688,0.7106437840891638,0.285014836957697,0.010197023582753983,0.56050342172606,0,0,1,2.515347222222222,2.495972222222222,0.6021527777777778,72000,-1,14
0.7495413651548928,0.01844040458653773,0.566356360176599,0.21705151914256848,0.9238112489257033,0.9295693345488453,0.920378046485122,0.6850403335231586,0,1,0,1.900875,2.947611111111111,0.2617361111111111,72000,-1,9
0.8641425926044131,0.4802930145361515,0.8179145733132791,0.8762497866014517,0.026003927922915504,0.9985896503385768,0.5518745269852597,0.8435937847869196,1,1,0,2.383375,2.365666666666667,0.48375,72000,-1,26
0.371690111100233,0.3606473963770592,0.19285915935372844,0.19540542326848653,0.765525577444468,0.11551361539847838,0.8761207987404805,0.4774637253359518,0,0,1,2.2436944444444444,2.402513888888889,0.4987083333333333,72000,-1,12
0.038927460124150604,0.21204175614529663,0.568999779102056,0.6623308852005252,0.5531066770201145,0.1377702270815372,0.9506222503236865,0.6991059112772736,0,0,1,1.8985277777777778,2.9481805555555556,0.26175,72000,-1,9
0,11,1,15,1,1,0,8,1,10,1,0,0,11,1,9,0,0,1,15,1,15,1,5,1,6,0,10,0,2,0,7,0,4,1,12,1,0,0,6,0,10,0,4,1,3,0,15,1,5,0,14,1,15,1,8,1,2,1,9,0,13,1,5,1,2.4865555555555554,1.1713472222222223,0.19519444444444445,72000,0,45
0,0,0,0,1,1,0,0,0,0,0,0,0,1,0,0,0,0,0,1,0,1,1,1,1,1,0,1,1,0,1,1,0,0,0,1,0,0,0,0,0,1,1,0,1,1,1,1,0,1,0,1,1,1,0,0,0,1,0,0,0,1,0,0,1,0,0,0,0,0,2.5376944444444445,3.0819305555555556,0.8189583333333333,72000,3,36
0,0,1,1,0,0,0,1,1,0,1,1,0,1,1,0,1,1,0,1,1,1,0,1,0,0,1,1,1,1,1,1,0,0,1,0,1,1,1,1,1,0,0,0,1,1,0,0,0,0,0,1,1,1,1,1,0,1,0,1,0,1,0,0,0,0,1,1,0,0,2.598402777777778,3.0380555555555557,0.743375,72000,1,18
0,1,0,1,0,13,0,2,0,4,0,2,1,10,1,15,1,13,0,0,0,7,1,11,1,8,1,10,1,14,1,12,1,10,0,10,0,1,0,12,0,7,1,7,0,12,1,0,1,3,1,3,1,1,0,11,0,7,1,5,1,6,1,0,0,2.5332777777777777,2.460638888888889,0.6022083333333333,72000,1,30
0.40753145696471926,0.9536101985117156,0.1734351148243981,0.449666989051576,0.02948983586627596,0.8494292781292452,0.3036781650606575,0.6459067297144865,1,1,1,2.599361111111111,2.737416666666667,0.7598611111111111,72000,-1,11
0.999695237804,0.0242388876853,0.0997450582294,0.0272658327205,0.00970977279104,0.0040831661441,0.001650569349,0.01002375482,0,0,0,2.5667222222222223,2.348527777777778,0.68275,72000,0,41
0,0,1,1,0,1,1,1,1,0,0,2.6253333333333333,2.509013888888889,0.7158888888888889,72000,2,39
0,1,1,1,1,1,0,0,1,1,1,1,1,1,1,1,0,0,1,1,0,1,1,1,0,1,1,1,0,1,0,1,0,0,0,0,0,1,0,0,1,0,0,0,0,1,0,1,0,1,0,1,0,1,0,1,0,1,0,0,0,1,0,1,0,1,0,0,0,0,2.7268333333333334,2.4416944444444444,0.7414027777777777,72000,1,34
0,0,0,0,0,0,0,0,0,1,1,2.405375,3.3964166666666666,0.8017916666666667,72000,3,40
0.9669820996907523,0.040417551606766744,0.5605107282559364,0.7410615349619627,0.7930109221215781,0.3513530510113462,0.7398940065758715,0.29448671949996663,0,1,1,2.507527777777778,2.4855833333333335,0.5925277777777778,72000,-1,14
0,1,1,0,1,1,1,1,0,1,1,1,0,1,0,0,0,0,0,1,1,1,0,1,1,1,1,1,1,1,1,0,0,1,1,1,1,1,1,1,0,1,1,1,1,0,1,1,0,1,0,1,1,1,1,1,1,1,1,1,0,0,0,1,0,0,1,1,0,0,2.748638888888889,2.5708611111111113,0.749125,72000,2,19
0.999604710202,0.955439775369,0.982461017964,0.0143767962288,0.241880668024,0.0462934996311,0.217972130865,0.777102184288,0,0,0,2.601777777777778,3.0120555555555555,0.7913333333333333,72000,1,3
0,0,0,0,0,0,0,1,1,0,0,2.598361111111111,2.964888888888889,0.8174166666666667,72000,3,40
0,0,1,1,0,1,1,1,1,0,0,2.6137638888888888,2.503138888888889,0.7096944444444444,72000,2,39
0.6045932739973376,0.321529153516229,0.2905453835510483,0.9444464150937355,0.7522470565763052,0.26161010030424536,0.04083347294706563,0.4859296862977035,1,0,1,2.333,0.66675,0.0,72000,-1,1
0,1,1,8,0,12,0,8,1,8,0,11,0,9,0,4,0,0,1,9,0,12,1,4,0,9,0,9,0,8,0,1,1,6,1,8,1,6,0,1,0,14,1,6,0,8,1,5,0,12,0,1,0,13,0,15,0,6,0,15,0,13,0,1,1,2.5259444444444443,2.7870555555555554,0.745625,72000,3,48
0.99994120189,0.999701190556,0.996153270882,0.0672508223188,0.350276514953,7.92259880389e-05,0.930912982561,0.718530050096,0,0,0,2.658916666666667,2.9988472222222224,0.8182638888888889,72000,1,26
0,0,1,1,1,6,1,5,1,10,0,15,0,15,1,1,0,0,1,13,1,6,1,15,1,0,1,1,1,4,1,14,0,4,1,11,0,8,1,12,1,1,0,6,0,6,1,14,1,12,0,11,1,5,0,7,1,11,0,9,1,5,1,4,1,2.5273194444444442,0.9182222222222223,0.07695833333333334,72000,0,29
0.2140207613313092,0.25755074168256986,0.8721184028124405,0.5208942014688801,0.7444360315149452,0.616099501668091,0.24185385225470946,0.2956219058669255,1,0,0,2.4574305555555553,2.901111111111111,0.7225416666666666,72000,-1,4
0.999303190916,0.0257442451813,0.979077955736,0.0384321693929,0.960291523205,0.0811816093986,0.986423051791,0.0199655384116,0,1,0,2.6597916666666666,2.6886805555555555,0.7449305555555555,72000,2,27
0.6377943269267824,0.014210830604816427,0.19045583076721218,0.9857697293605532,0.08509754637440958,0.9510450582113614,0.5207217786872321,0.2921739070664364,0,0,1,2.22775,2.382125,0.4895833333333333,72000,-1,12
0.998267872635,0.141171175827,0.0927687033348,0.0063013668453,0.000905376817532,0.00135747032766,0.0230859659402,0.000103054704746,0,0,0,2.494638888888889,2.2638055555555554,0.6418611111111111,72000,0,41
0,0,0,0,0,0,0,0,0,0,1,0,1,1,0,1,1,1,1,0,0,0,0,0,0,0,0,0,0,1,0,0,0,1,0,0,1,1,0,1,0,0,0,0,0,1,1,1,1,0,0,1,0,1,0,1,0,1,1,1,0,1,1,1,1,1,0,1,1,0,2.5598055555555557,3.0539027777777776,0.8075416666666667,72000,3,36
0,1,0,1,1,1,0,1,0,0,0,1,0,0,0,0,1,0,0,0,1,1,0,0,0,1,0,0,0,0,0,1,0,0,1,0,0,1,1,0,1,1,0,1,1,1,0,1,0,1,1,1,0,1,0,1,1,1,0,0,1,1,0,0,1,0,0,0,0,0,2.4012083333333334,3.314888888888889,0.7697638888888889,72000,3,36
0,1,0,0,1,0,1,1,1,0,1,1,1,1,1,0,1,0,0,0,1,1,1,1,0,0,0,0,1,1,1,1,0,0,1,1,1,0,0,0,0,0,0,1,1,1,0,1,0,1,0,1,1,1,1,1,0,1,0,1,0,1,0,1,1,1,1,1,0,0,2.650027777777778,2.353083333333333,0.6906111111111111,72000,1,34
0,0,1,1,0,1,1,1,0,0,0,2.680888888888889,2.5772083333333335,0.7568055555555555,72000,0,37
0.9716272610862728,0.4531448463031418,0.2730346490503479,0.6685458252815798,0.36621682416725654,0.7648616568165497,0.47105845744326413,0.36263422952487234,0,0,1,2.495736111111111,2.474,0.5880277777777778,72000,-1,14
0,1,1,1,0,1,0,0,1,1,1,2.5773194444444445,3.0637777777777777,0.7688472222222222,72000,1,38
0.8826523575257786,0.26324392171672295,0.6341043098341784,0.4735595074760225,0.004976751489451758,0.6636014516307998,0.3217589302943905,0.2875489168048656,0,1,1,2.4665,3.3556666666666666,0.8221666666666667,72000,-1,0
0.9776572706010024,0.034510596536516225,0.9171876187395048,0.7635342292716266,0.07606998680184174,0.4831113217928693,0.6687264187786696,0.3616573250729771,0,0,0,2.6021805555555555,2.2879444444444443,0.6719166666666667,72000,-1,5
0.36783582882322263,0.2554555674637363,0.9530031622419481,0.1380498466616431,0.7527667431076239,0.1470094861087955,0.05280335450767093,0.629121786160999,0,1,1,1.9454722222222223,1.8945,0.09530555555555556,72000,-1,8
1,0,1,1,0,1,1,1,0,1,0,0,0,1,1,1,1,0,1,1,0,1,1,0,1,0,1,1,1,1,1,1,0,0,1,0,1,0,0,1,1,1,0,0,1,1,1,1,1,1,1,1,0,1,0,1,0,0,1,1,0,1,1,1,0,1,0,1,1,1,2.5676666666666668,0.8359305555555555,0.06013888888888889,72000,0,17
0.999593346266,0.569026578357,0.953147908922,0.642839325531,0.961756770036,0.28889922696,0.985862636426,0.951579659173,1,1,0,2.5050694444444446,3.241875,0.7976111111111112,72000,3,28
0.2702232982428986,0.2297771463733037,0.24876979559025425,0.9962541418632007,0.3814221414686899,0.45507120238575294,0.9874932275682256,0.009944780397956321,0,0,1,2.375263888888889,2.357486111111111,0.4819583333333333,72000,-1,3
0.47332597775550855,0.1210370432184662,0.5806813227237227,0.2036454455808182,0.02115810688263242,0.9757150121635367,0.7884969068545336,0.5060768052885954,1,0,0,1.6935,2.5331527777777776,0.13477777777777777,72000,-1,7
0,0,1,1,0,1,1,1,0,0,0,2.6607083333333335,2.559388888888889,0.7464305555555556,72000,2,39
1,1,1,0,1,1,1,1,0,1,1,2.368013888888889,0.9387083333333334,0.035305555555555555,72000,0,21
0.999387742314,0.627465842359,0.724318297214,0.879687516781,0.998757881263,0.996734068773,0.872666825424,0.999602587601,1,1,0,2.381,3.374888888888889,0.7755555555555556,72000,3,44
0.998899900554,0.0291121955346,0.975597291596,0.997807304922,0.100107882459,0.0161367067912,0.12753729243,0.00187911587381,0,0,0,2.6521944444444445,2.61525,0.7251944444444445,72000,2,27
0,15,0,6,1,12,0,0,0,3,1,5,0,10,0,6,0,10,1,4,0,2,1,13,1,7,0,4,1,7,0,14,0,13,0,0,1,10,1,5,1,7,0,4,0,14,0,15,1,9,0,1,1,13,0,1,0,6,0,2,1,13,0,3,0,2.4355277777777777,3.273652777777778,0.7703472222222222,72000,3,48
0.06111156702302245,0.38249263510287224,0.646975267269143,0.19946118679571379,0.09712427708585247,0.5492366958150268,0.4686928151601393,0.3932671006681725,1,1,1,2.2303194444444445,2.401152777777778,0.49701388888888887,72000,-1,12
0,1,0,1,1,1,1,0,1,1,1,1,1,1,1,1,0,0,1,1,0,1,1,1,0,0,0,0,0,1,0,1,0,0,1,0,1,1,0,0,0,0,0,1,1,1,0,1,0,1,0,1,1,1,0,1,1,0,0,1,0,1,0,1,1,1,1,1,0,0,2.750652777777778,2.458361111111111,0.7491805555555555,72000,1,34
0,1,1,0,1,1,0,1,1,0,1,0,1,1,1,0,0,1,0,1,0,1,0,1,0,0,1,1,0,1,1,0,0,1,0,1,0,1,0,1,0,0,1,1,0,0,0,1,0,0,0,1,1,1,0,1,1,1,1,0,0,0,0,1,0,1,1,0,0,1,2.6881666666666666,2.657125,0.743125,72000,2,19
0,0,1,1,0,1,1,1,0,0,0,2.6343194444444444,2.5208472222222222,0.7177916666666667,72000,2,39
0,0,1,1,1,1,0,1,1,1,1,0,1,1,0,1,1,0,0,0,0,1,1,1,0,1,1,1,0,1,0,1,0,0,1,1,0,1,0,1,0,1,1,1,0,1,0,1,0,1,0,1,0,1,0,1,1,1,1,1,1,1,1,1,0,0,1,0,1,1,2.6960416666666664,2.2647916666666665,0.6689166666666667,72000,0,33
0,1,1,0,1,1,0,1,1,1,0,0,1,1,1,1,0,1,0,0,1,1,0,1,0,0,1,0,0,1,0,0,0,1,1,1,1,1,0,0,0,1,1,1,0,0,0,1,1,1,1,1,1,1,0,1,0,1,0,1,1,1,0,1,0,0,1,0,0,0,2.6348194444444446,1.507111111111111,0.2592638888888889,72000,0,26
0,1,1,0,0,0,0,1,0,1,1,1,0,0,1,0,0,1,0,0,0,1,1,1,0,1,1,1,0,0,1,0,0,0,0,0,0,0,1,1,0,1,0,0,0,0,1,1,0,0,0,1,0,1,1,0,0,1,0,1,0,0,0,0,1,1,0,0,0,0,2.605208333333333,2.9813194444444444,0.7427777777777778,72000,3,20
0,0,1,1,0,1,1,1,1,0,0,2.682027777777778,2.5790416666666665,0.7582361111111111,72000,2,39
0,0,1,1,1,1,1,0,1,1,0,1,1,0,1,1,0,0,1,0,1,1,1,1,0,0,1,1,0,1,1,1,0,0,1,1,0,1,0,1,0,0,0,1,0,0,0,1,0,1,0,1,0,1,1,1,0,0,0,1,0,0,0,0,1,0,1,0,0,1,2.6733611111111113,2.8909305555555553,0.7495833333333334,72000,1,18
0.4272748321202764,0.3767947915460734,0.7384344387281664,0.23057816500452388,0.9416164759152217,0.5355703853383267,0.7283200030761031,0.6323487370596687,0,1,0,2.592125,2.3043472222222223,0.6775138888888889,72000,-1,5
0,1,1,1,1,1,0,0,1,1,0,1,0,1,1,1,0,0,0,0,1,1,0,1,1,1,1,0,0,1,1,1,0,0,0,0,0,0,1,1,1,1,0,1,0,0,0,1,0,0,1,0,1,1,0,1,1,1,0,0,0,1,0,0,1,1,0,0,1,1,2.5298055555555554,2.9610555555555558,0.6739027777777777,72000,1,18
0,1,1,0,0,0,0,1,1,1,1,1,0,1,0,0,1,0,1,1,1,1,0,1,0,1,1,0,0,1,0,1,0,0,1,1,1,1,1,0,1,1,1,1,1,1,0,1,0,0,0,1,0,1,1,1,0,1,0,0,1,1,0,1,0,0,0,0,0,0,2.679736111111111,2.3604305555555554,0.7067916666666667,72000,2,35
0.913419561758461,0.5188560218185501,0.7405702800133153,0.32699822734216055,0.5893764276434778,0.33534662225707,0.8711869259266548,0.7488354385423261,0,1,0,2.4659583333333335,3.356027777777778,0.8219861111111111,72000,-1,0
0,1,1,1,0,1,0,0,1,0,0,2.6509444444444443,2.9631666666666665,0.7869861111111112,72000,2,23
0.09097427364415511,0.13791707442910928,0.5176597927113473,0.2636193569123412,0.6184295515335869,0.673921202712078,0.33264377873327733,0.17985680533332615,1,1,1,2.560861111111111,2.336,0.6841527777777778,72000,-1,13
0.000158959456771,0.00603689370875,0.000740821413149,0.989526828201,0.00278065577793,0.00013520659159,0.0012081210476,0.000284300866499,1,0,0,2.417666666666667,0.8749583333333333,0.024291666666666666,72000,0,25
3.61537777103e-05,0.0215153374434,0.00024757098497,0.999484879402,0.0198791930641,0.018265728146,0.00151257560414,0.000111722722991,1,0,0,2.431888888888889,0.9001527777777778,0.025125,72000,0,25
0,13,0,5,1,9,0,9,1,13,0,12,1,3,0,3,0,5,0,1,1,5,1,11,0,10,1,4,0,14,1,7,1,7,0,12,1,14,1,12,0,0,0,2,0,10,0,11,0,3,0,4,0,11,0,10,0,3,1,7,0,10,1,12,0,2.5093888888888887,3.2925138888888887,0.8329861111111111,72000,3,48
0,0,1,1,1,0,1,0,1,0,1,0,1,1,1,0,0,0,1,1,0,1,0,1,1,0,1,0,0,1,1,1,1,0,1,1,1,0,0,1,0,1,0,1,0,1,0,0,0,0,1,1,1,1,1,1,0,1,0,0,0,1,1,1,0,1,1,0,1,1,2.5220555555555557,2.9199027777777777,0.6783333333333333,72000,1,18
0.99898675969,0.997658638931,0.97171275702,0.13742680994,0.991120841249,0.482376409759,0.876025952841,0.926888411063,1,0,0,2.4769027777777777,3.252388888888889,0.7897083333333333,72000,3,28
0.5487796994643197,0.21242604285710753,0.3592465837792709,0.07387367944727397,0.8735008916293973,0.33598622705071657,0.5124161222484914,0.8548516792952718,0,1,1,2.2233472222222224,2.392236111111111,0.494,72000,-1,12
0.998809606438,0.690381751177,0.899497542929,0.657685235165,0.961252184737,0.187923987499,0.945928147673,0.934032535009,0,0,0,2.5161527777777777,3.2231666666666667,0.8003194444444445,72000,3,28
0,1,1,1,0,1,0,0,1,0,0,2.5755,2.9896666666666665,0.748125,72000,1,22
0.5576185265063538,0.2105956152097337,0.2651249206347226,0.4371856295007166,0.09525295005872425,0.6426672631771339,0.40525359330260957,0.5486988296848423,1,0,0,2.5928472222222223,2.2934722222222224,0.6731944444444444,72000,-1,5
0.47095323252334775,0.4198548512902043,0.6579738848460176,0.29335054865293075,0.3328906109470531,0.8311701667538388,0.3928726768256462,0.41092494839330584,1,0,1,2.3359444444444444,0.6660138888888889,0.0,72000,-1,4
0.999972667977,0.872236222499,0.707772042579,0.416121524847,0.911812282817,0.662681771971,0.757625062161,0.898711553792,0,0,0,2.54325,3.195402777777778,0.8151527777777777,72000,1,42
0,0,1,0,0,0,0,1,1,0,1,1,0,0,0,1,0,1,0,0,0,1,0,0,0,1,0,1,1,1,0,1,0,1,0,1,1,0,1,0,0,1,1,0,0,0,0,1,0,0,0,1,0,0,0,1,0,1,0,0,0,1,1,0,1,0,0,1,0,1,2.492541666666667,3.1014305555555555,0.7676805555555556,72000,3,36
0.999960160016,0.994455691005,0.278503730211,0.247189623005,0.99305960438,0.0350964501597,0.0459268018734,0.0281748495604,0,0,0,2.677263888888889,2.642125,0.7803888888888889,72000,2,43
0.5410569058897873,0.7403685693606261,0.5989754788653241,0.8508798474467456,0.8582155258113677,0.9694762228362812,0.9734464511005906,0.8875137740010218,0,0,1,2.229888888888889,2.4110694444444443,0.499625,72000,-1,12
0.999717875046,0.478988744853,0.698833272424,0.248501764966,0.987087041824,0.982231591478,0.639088662139,0.920932151576,1,0,0,2.514902777777778,3.2175416666666665,0.8036527777777778,72000,1,25
0,3,1,14,1,6,1,10,1,6,1,14,0,13,0,0,1,1,1,3,1,1,1,0,1,2,0,7,0,15,0,4,1,6,0,6,1,1,1,4,0,5,1,12,0,3,0,11,1,13,0,0,0,13,0,11,0,5,0,13,0,7,0,3,0,2.6235,2.7374583333333335,0.7664583333333334,72000,1,46
0,2,0,10,1,8,0,8,0,5,0,6,0,13,0,11,0,12,0,4,0,1,0,4,0,15,1,5,0,8,0,10,1,9,0,13,0,1,0,9,1,13,1,2,1,10,0,5,0,9,0,14,1,1,0,2,0,6,1,6,0,0,0,8,1,2.448138888888889,3.238277777777778,0.7980833333333334,72000,3,48
0.01676085949107875,0.9408406046589897,0.40305375955251077,0.8400420279325188,0.6968176918062613,0.07957148950956638,0.1648007168992609,0.21904884076588926,1,1,0,2.4667083333333335,3.3555277777777777,0.8222361111111111,72000,-1,0
0.39197148468174225,0.7812707049923227,0.5759328582138812,0.052151053677295445,0.837644629391613,0.44434198233984434,0.30097497478307833,0.0004936218094512279,1,1,0,1.9347083333333333,1.8970694444444445,0.09540277777777778,72000,-1,8
0.999605930677,0.78801403953,0.50182660926,0.951115918312,0.992836707458,0.260218104995,0.899372371806,0.809507350121,1,0,0,2.516625,3.150861111111111,0.7928194444444444,72000,3,28
0,9,0,3,1,14,0,4,1,0,1,3,1,11,1,3,1,6,1,8,1,15,1,14,0,7,0,8,1,12,0,4,0,8,1,6,1,0,1,5,0,7,1,10,1,2,1,3,1,14,0,11,0,8,1,13,1,14,0,6,0,9,0,6,1,2.4127083333333332,1.8077777777777777,0.4235277777777778,72000,2,47
0,0,1,0,0,1,0,0,1,0,1,0,1,0,1,0,0,0,0,1,0,0,1,1,0,0,1,1,1,0,0,0,0,1,0,1,1,0,0,1,0,0,0,1,0,1,0,1,0,0,0,1,0,0,0,0,0,0,0,1,0,0,0,1,0,1,1,1,0,1,2.665888888888889,2.9129027777777776,0.812,72000,3,20
0.7840915436150352,0.34700395909921256,0.4117599877721241,0.5709087866165089,0.10246183579296753,0.19748606248871092,0.5544346134200792,0.32661923382626423,0,0,0,2.3853472222222223,2.367847222222222,0.48336111111111113,72000,-1,3
0,1,1,1,0,1,0,0,1,0,0,2.651625,2.9680138888888887,0.7876388888888889,72000,1,26
0,1,1,0,0,1,0,0,0,1,1,2.5700833333333333,3.128763888888889,0.7896388888888889,72000,3,24
0,0,0,1,0,15,0,1,1,12,1,3,1,8,1,14,0,0,1,15,1,8,1,12,1,11,1,5,1,12,0,14,0,6,0,2,0,2,0,7,1,6,0,3,0,13,0,8,1,0,0,2,1,8,1,10,0,0,0,0,1,0,0,2,0,2.537402777777778,2.685875,0.7179861111111111,72000,1,46
0.6346217351800862,0.4816195901219611,0.12189472787864386,0.5711241494126383,0.8838869274524404,0.05851428617958543,0.1437221790144897,0.7475521697401382,0,1,0,2.4658333333333333,3.3561111111111113,0.8219444444444445,72000,-1,0
0.6735257086083005,0.6921249999608776,0.9977250199413636,0.009987262294264498,0.15386718142030242,0.40338308664627154,0.6482435943375747,0.23925667071180934,1,1,1,2.5720555555555555,2.2679583333333335,0.6607638888888889,72000,-1,16
0.99751457826,0.210250281239,0.983935921129,0.435977587211,0.999546439755,0.850811616047,0.759600310853,0.902797249379,0,0,0,2.481375,3.239361111111111,0.7869027777777777,72000,3,44
0.16283945602836436,0.5519213734659059,0.5684107527594839,0.48424927740012735,0.716124658016426,0.8376574613048258,0.5974624591863175,0.8507689604572223,1,0,1,2.623902777777778,2.951125,0.8089444444444445,72000,-1,10
0.998576203869,0.796359163412,0.509264852174,0.983520858168,0.999795540319,0.890858823839,0.901489759226,0.929716613716,0,1,0,2.2632777777777777,3.3818194444444445,0.7213472222222223,72000,3,44
0,1,1,1,1,1,1,1,0,1,1,1,1,1,1,1,1,0,1,0,0,1,1,1,1,1,0,0,1,1,0,1,0,0,1,0,1,1,0,0,1,0,1,1,0,1,0,1,1,1,1,1,0,1,0,1,0,1,1,0,1,1,1,1,0,1,1,1,1,0,2.7676805555555557,2.418375,0.7391388888888889,72000,0,33
0.999443427718,0.0545704005885,0.696962956162,0.222941528921,0.841269322797,0.380571167104,0.93285283285,0.899152774523,0,0,0,2.569361111111111,3.134638888888889,0.799375,72000,1,26
0,1,1,0,0,1,0,0,1,0,0,2.477708333333333,3.152152777777778,0.7425694444444444,72000,3,24
0.6788503787544594,0.7926757081302304,0.40188762133631706,0.18416728406119132,0.6858799542459943,0.3354503342595705,0.8112608471467186,0.6811032395012437,0,1,0,2.6671388888888887,2.6736666666666666,0.7070138888888889,72000,-1,2
0,0,1,1,0,1,0,0,1,1,0,2.492652777777778,3.1313333333333335,0.7502361111111111,72000,3,24
0,0,0,0,0,1,1,0,0,0,1,0,0,1,0,0,1,1,1,0,0,0,1,1,0,0,1,1,1,1,0,1,0,1,0,0,0,0,1,0,1,0,1,0,0,0,0,0,0,0,0,1,1,0,0,0,0,0,0,0,1,0,1,0,0,1,0,0,1,1,2.4981805555555554,3.1756805555555556,0.7978194444444444,72000,3,36
0,0,1,1,0,1,1,1,0,0,0,2.6818333333333335,2.5840555555555556,0.7571805555555555,72000,2,38
0.04298684112454976,0.7519326251673222,0.12783477498538887,0.5015955947369347,0.4420505488031118,0.2417236658247185,0.884296639141289,0.393829488123302,0,1,0,2.506847222222222,2.4870555555555556,0.5964027777777777,72000,-1,14
0.2975987584287261,0.574172138751003,0.408202486995468,0.9544413313904323,0.4337047624667073,0.033472156801061526,0.14581301786940282,0.15489946432954949,0,1,1,2.5998194444444445,2.301833333333333,0.6772777777777778,72000,-1,5
0,1,0,1,1,1,1,1,1,1,1,1,0,1,0,0,0,0,1,1,1,1,1,0,1,1,1,0,0,1,0,0,0,0,0,1,1,1,0,1,0,0,1,1,0,0,0,1,0,0,1,0,0,1,0,1,0,1,1,0,0,0,0,1,1,1,1,1,0,1,2.75725,2.7089166666666666,0.7796666666666666,72000,2,19
0.999448527237,0.945818773341,0.930030767108,0.858250573981,0.850369869277,0.887841613713,0.596736322434,0.9932097615,1,0,0,2.3571805555555554,3.384402777777778,0.7699166666666667,72000,3,44
1,1,1,0,1,1,1,1,0,1,1,2.382111111111111,0.9398888888888889,0.035416666666666666,72000,0,21
0,7,0,1,0,1,0,4,1,9,1,5,1,15,1,6,1,15,0,15,0,1,0,5,1,7,1,1,1,3,1,6,1,5,0,3,1,2,0,12,0,10,1,2,0,8,0,8,0,6,1,13,1,9,0,0,1,0,1,7,0,6,1,5,0,2.392611111111111,2.1078194444444445,0.4573888888888889,72000,1,30
0,0,0,1,1,0,0,0,0,1,0,1,1,0,1,0,0,0,1,0,1,0,0,0,1,0,0,0,0,0,1,0,0,0,0,0,0,1,0,1,1,1,0,0,1,0,1,1,0,0,0,1,0,1,1,0,1,0,1,1,0,0,1,0,0,0,1,0,0,0,2.5089444444444444,3.231513888888889,0.8117916666666667,72000,3,36
0.999390327766,0.00401824255078,0.998477094138,0.998204657725,0.00940307897096,0.00514897606687,0.0482851513078,0.0059773115288,0,0,0,2.5954444444444444,2.531833333333333,0.6583194444444445,72000,2,27
0,4,1,1,0,6,0,4,0,15,1,3,1,2,1,3,1,8,0,6,0,4,0,10,1,11,1,2,1,0,0,1,1,8,0,5,0,7,1,10,1,6,1,5,1,13,0,3,1,9,0,6,1,11,1,14,0,11,1,8,0,6,1,2,1,2.2952916666666665,1.5208472222222222,0.29793055555555553,72000,2,47
0.000364638331804,0.00242133540594,0.0010555133017,0.985563786504,0.00117654812364,0.000359933678504,0.000442745375898,0.000677428957053,0,1,0,2.404236111111111,0.8670138888888889,0.023208333333333334,72000,0,25
0,1,1,1,0,1,0,0,1,1,0,2.6063194444444444,2.976111111111111,0.7651805555555555,72000,1,22
0,1,1,1,0,1,0,0,1,1,1,2.5816944444444445,3.0516944444444443,0.7658888888888888,72000,1,38
0,0,1,0,1,1,1,1,0,1,1,0,0,1,1,1,0,0,0,0,0,1,0,1,1,1,1,1,1,1,0,1,0,0,1,1,1,1,0,0,1,0,1,1,1,1,1,1,1,1,0,1,0,1,0,1,0,1,1,1,1,1,1,1,1,1,0,0,1,0,2.772125,2.4283055555555557,0.7423888888888889,72000,0,33
0.7207603904611876,0.06936697976692163,0.27216277476358186,0.4499256676612511,0.963485752176381,0.622728029882574,0.8087132271104356,0.7255617802708823,1,1,0,2.465375,3.3564166666666666,0.8217916666666667,72000,-1,0
1,0,0,1,1,1,1,1,0,1,1,0,0,1,1,1,0,0,0,1,0,1,0,0,1,0,1,1,1,1,1,1,1,0,1,0,1,1,1,1,1,1,1,0,1,1,1,1,1,1,0,1,0,1,0,1,0,0,1,1,0,1,1,1,1,0,0,1,0,1,2.597611111111111,0.8678194444444445,0.03709722222222222,72000,0,17
0.5862133117604551,0.7874621225967801,0.17411346705474962,0.8960609023787309,0.6948043192667245,0.3509070180074766,0.26900024770535513,0.2825316931809263,0,0,0,2.336,0.666,0.0,72000,-1,1
0,11,0,5,1,3,1,15,0,10,0,14,0,1,0,9,0,13,0,0,0,9,1,15,0,3,0,6,1,6,1,12,1,6,0,0,0,9,0,12,0,0,1,15,0,6,1,10,0,4,0,9,1,9,0,0,0,8,0,9,0,5,1,10,0,2.4304444444444444,3.0584305555555558,0.7161666666666666,72000,3,32
0.7158412826541609,0.8390520280229976,0.7021417279945781,0.13589968945853848,0.5963802241883774,0.7630623822709687,0.7804966164664935,0.19503800976613994,1,1,0,2.5965416666666665,2.287097222222222,0.6709305555555556,72000,-1,5
0.06884841980762202,0.9804942220280809,0.5901938638303458,0.6780254260611085,0.6449167919984601,0.1524125902193595,0.16810560464377278,0.9041268707069507,0,0,0,2.5699305555555556,2.2495833333333333,0.6531388888888889,72000,-1,16
0,0,0,7,0,6,1,12,1,6,1,3,1,4,0,15,1,8,1,9,0,1,0,5,1,0,0,10,1,6,0,5,0,14,0,14,0,10,1,11,0,10,1,15,1,6,0,0,0,12,0,10,0,9,0,0,1,3,1,10,1,14,1,10,1,2.4359444444444445,1.5368472222222223,0.3394583333333333,72000,2,47
0,1,0,13,0,10,0,1,1,12,1,7,0,14,0,3,1,0,1,15,0,3,0,11,0,10,1,4,1,1,0,13,1,4,0,5,1,7,1,2,1,14,0,2,0,3,0,11,0,15,0,2,1,14,0,8,1,14,0,1,1,14,0,15,0,2.4470555555555555,2.6837222222222223,0.6435277777777778,72000,3,32
0.49698247957829345,0.4620620302333318,0.9902146028709558,0.7832145525294617,0.281866920944593,0.32322973841689395,0.21273036738550744,0.10075718324561167,1,1,0,2.5945555555555555,2.7506666666666666,0.7617638888888889,72000,-1,11
0.14011545862989638,0.5050124981390695,0.7739537216969509,0.11293547520821956,0.5820831073972621,0.9790408114650383,0.5904587600773373,0.34756334947864587,1,0,0,2.3345555555555557,0.6663611111111111,0.0,72000,-1,44
0.997242068591,0.353209125909,0.998988524249,0.170434185213,0.55271191085,0.182563082234,0.339983125193,0.101969233851,0,1,0,2.483722222222222,2.5445555555555557,0.6607361111111111,72000,2,27
0,0,0,9,1,1,0,12,1,12,1,10,0,9,1,6,0,10,1,15,1,1,0,5,1,0,0,7,1,3,0,10,0,9,1,14,1,4,1,8,1,10,1,4,1,6,0,5,0,11,0,9,1,4,1,1,0,3,1,11,0,10,1,9,1,2.538597222222222,1.4086666666666667,0.20018055555555556,72000,2,31
0,0,0,0,1,1,1,1,1,1,1,0,0,0,1,0,0,0,1,0,1,1,0,1,0,0,1,1,0,1,0,1,0,0,1,1,0,1,0,1,1,1,1,0,1,0,1,1,1,0,1,0,1,1,1,1,0,1,0,1,1,1,1,1,0,0,0,0,0,0,2.7400416666666665,2.445597222222222,0.7418472222222222,72000,1,34
0,0,1,0,1,0,0,1,0,1,0,1,0,1,1,0,1,0,0,0,0,1,0,1,0,1,1,1,0,1,1,1,0,0,1,0,1,1,1,1,1,1,1,1,1,0,0,1,1,0,0,1,1,1,1,1,1,0,0,1,1,1,1,1,0,1,0,0,1,0,2.715736111111111,2.3671944444444444,0.7138055555555556,72000,0,33
1.70502803466e-06,0.000187725824857,0.0131139552496,0.99989143495,0.000742408804678,0.000601599752443,0.0298097567964,0.00180329630203,0,0,0,2.4209305555555556,0.9095416666666667,0.027555555555555555,72000,0,25
